Fight NH Addiction	5074980	0
RALI New Hampshire	1649993	0
With Honor	1001729	0
Annie Kuster	1280910	0
Molly Kelly	1487742	0
Edwards for New Hampshire	1243895	0
Chris Pappas for Congress	1219119	0
Steve Marchand	887141	0
MO Research	599689	0
Lynne Blankenbeker for Congress	504998	0
Tom Steyer	406529	0
Civiqs	497950	0
Garth Corriveau for Executive Council	347973	0
Americans for Prosperity New Hampshire	453777	0
Barry Newcomb for Sheriff of Rockingham County, NH	412314	0
Cardinal for Congress	324991	0
Families First New Hampshire	149998	0
NEA Today	213364	0
AARP NH	266990	0
NextGen New Hampshire	175744	0
Granite Bridge	164995	0
United Steelworkers	88100	0
Solar Rebate	116983	0
Roger Tilton, NH State Senate Dist. 11: Merrimack Milford Amherst Wilton	109955	0
John K. Delaney	122825	0
Dan LeClair for Senate	123969	0
Iz Piedra for State Rep.	90992	0
John Morrissey for New Hampshire	107086	0
Naomi Andrews for Congress	75813	0
Solar Energy Today	64024	0
Chuck Massahos for Rockingham County Sheriff	76984	0
Levi Sanders for Congress NH-1	81565	0
No to Northern Pass	39531	0
Senator Dan Innis	165515	0
Steve Negron for Congress	63173	0
Seth Moulton	34654	0
United Way of Greater Nashua	59998	0
Eric Spofford	59998	0
Senator Bill Gannon	45992	0
New Hampshire Campaign for Voting Rights	69765	0
Drug Injury News	27503	0
Bill Baldwin for Rockingham County Sheriff 2018	65983	0
Marsy's Law for New Hampshire	29996	0
Professional Fire Fighters of Massachusetts (PFFM)	24078	0
4ocean	24828	0
The Alliance for Solar Choice	55287	0
LESS CANCER	26995	0
Rolston4nhhouse	34944	0
Robert Foley for Senate	46865	0
Bob Greene for NH State Representative 2018	47988	0
Jim Lawrence	45990	0
The Live Free or Die Alliance	20162	0
Colin Van Ostern	17572	0
Beto O'Rourke	14430	0
Americans for Prosperity	15071	0
NH Ranked Choice Voting	30993	0
Special Education News	15997	0
DoSomething.org	10274	0
Let's Protect Hooksett School Children Together	25994	0
Treatment Advocacy Center	9999	0
The Valentine Constitution	9999	0
Jay Inslee	9999	0
Hillsborough County NH Democratic Committee	9999	0
Patagonia	21408	0
Borofsky, Amodeo-Vickery & Bandazian, P.A.	9719	0
UMass Lowell Union of Adjunct Faculty (UAF/UAW)	19905	0
Doug Thomas	20995	0
Marcie Hornick	19996	0
National Domestic Workers Alliance	8461	0
Taxotere Lawsuit Information	8187	0
Disability Rights Center - NH	15996	0
Paul R. Bergeron for Ward 2, Nashua	14997	0
603 Alliance I-18	14997	0
Concealed Online	8485	0
PragerU	7210	0
Ryan Business Systems, Inc.	14118	0
Republicans For Making America Great Again	5434	0
United States Constitution	7025	0
Eastern Bank	6323	0
Sierra Club	7164	0
Fahrenheit 11/9	12326	0
Live Action	4567	0
GraniteGrok	10935	0
Newton NH Democrats	4319	0
NRATV	4938	0
Jeff Denaro For U.S. Congress	12995	0
The American Nik	9998	0
Mark MacKenzie for Congress	9953	0
Everytown for Gun Safety	5761	0
We The People Holsters	4700	0
Farnum	3244	0
Charlie Kirk	3235	0
Turning Point USA	4041	0
Human Rights Campaign	4596	0
Robert Reich	3906	0
Beej Das for Congress	5120	0
The Commonwealth Fund	3618	0
Ben Shapiro	3064	0
NRA - National Rifle Association of America	3681	0
America's Navy	3071	0
Kelcy McNamara For Maine State House	6671	0
ASPCA	3191	0
Springfield School District	5740	0
Democrats	5082	0
AARP Maine	5620	0
Convention of States	2841	0
Rodney Elliott for State Senate	5369	0
Moms Clean Air Force	6278	0
The People For Bernie Sanders	2051	0
Democratic Coalition Against Trump	5055	0
New Hampshire Young Republicans	7996	0
Flying Monkey Movie House & Performance Center	6538	0
Senator Harold French	5998	0
Josh Mercer for State Representative	5998	0
Robert Peraino For New Hampshire State Representative	4999	0
Monadnock Farm & Community Coalition	4999	0
Lantos Foundation for Human Rights & Justice	4999	0
John Wolfe U.S. Senate	4999	0
Harrison Kanzler for State Rep	4999	0
Edward Jones- Financial Advisor: Megan Stewart	4999	0
Dan Toomey for Nashua Ward 5	4999	0
Dexter Dow for U.S. Representative 2nd District	7937	0
Senator Dean A. Tran	3804	0
Erase The Hate	1956	0
Defend Our Future	1919	0
Retirement You Workshops	5417	0
North Shore Vendor Events	1737	0
Ted Cruz	1763	0
Shaun King	1876	0
National Park Foundation	1651	0
Anne Grassie for State Senate	4056	0
Jay Gonzalez	3933	0
Center for Biological Diversity	1775	0
Penzeys Spices	1720	0
Ben Hight for State Representative, Grafton District 3	3873	0
NRDC Action Fund	1982	0
The Gunbox	1833	0
U.S. LawShield	1678	0
Conservative Gear	2944	0
Marty Grohman for Congress	2245	0
UAW International Union	3637	0
No on SoccerCity	1419	0
Portsmouth Symphony Orchestra	3323	0
Colion Noir	1316	0
Alexandra Chandler for Congress	1816	0
Amnesty International USA	2328	0
American Asset Protection Community	1574	0
Dissent Pins	1494	0
End Citizens United	2908	0
Teamsters Joint Council 10	1848	0
Don Turner Jr. for VT Lieutenant Governor	1133	0
The Jim Jefferies Show	1288	0
Patriotic Drop Shop	1471	0
Fire Jim Jordan	1183	0
Juana Matias	2549	0
John Hope Bryant	1222	0
Barbara L'Italien	1155	0
Proud Right Winger	1663	0
The Young Turks	1893	0
Families For Trump	868	0
Bernie Sanders	1592	0
Stand Up America	4571	0
Circa	1495	0
The Wilderness Society	1084	0
Rick Green	1694	0
League of Women Voters of the U.S.	1459	0
Patrio	986	0
Lori For US Congress	2099	0
Maine Citizens for Clean Elections	1867	0
Kirsten Gillibrand	1569	0
Disability Over 50	1134	0
NARAL Pro-Choice America	1740	0
Global Wildlife Conservation	718	0
The Devil We Know	742	0
Cheddar	814	0
NORML	671	0
Hernandez for Congress	1047	0
DC Statesman	684	0
Zephyr Teachout	1577	0
HILL TV	1759	0
Tim Ryan	860	0
Justice Democrats	630	0
California Consumer Privacy Act	715	0
Jeff Ballinger for Congress	714	0
Nine Line Apparel	1388	0
Boredom Therapy	617	0
Rob Davidson for Congress	828	0
Hillsdale College	1449	0
Shield Republic	1066	0
Allison Gustavson for State Representative	1464	0
FreedomWorks	692	0
Human Coalition	866	0
Brad Hill	972	0
Zachariah Ralph	1356	0
Jewish Voice Ministries International	785	0
Patriot Depot	1368	0
Democratic Attorneys General Association	908	0
The Portland Pod	496	0
National Audubon Society	1109	0
The Corridor Post	500	0
SimonBooks	487	0
Women For Civility	477	0
Friends of the Earth U.S.	1055	0
The Daily Signal	482	0
Make America Great Again - Republican	1211	0
doTERRA Essential Oils	443	0
Ben Ferguson	656	0
Peppe for President	1091	0
Dropkick Memes	432	0
National Network of Abortion Funds	626	0
Committee to Rebuild Maine's Middle Class	1028	0
Janet Mills	504	0
Cole Harris for Lt. Gov.	508	0
Heywood Hospital	616	0
Frances M. Head	998	0
FreightWaves	385	0
I Am An Immigrant	460	0
Unite America	827	0
Animal Matters	688	0
Angus King	1127	0
Drinkwater for State Senate	1073	0
Print For Progress	403	0
DiversityInc	528	0
The N.C. Star	356	0
American Action News	355	0
Goods Unite Us	892	0
Plan International USA	875	0
Jared Golden for Congress	533	0
White Coat Waste Project	894	0
Republican State Leadership Committee	507	0
Erin Buckley for State Representative	842	0
Democratic Governors Association (DGA)	734	0
Nader Hashim for State Representative	835	0
Hugh Hewitt	333	0
Senate Majority PAC	705	0
National Public Pension Coalition	772	0
Breaking Big	314	0
Defending Donald	873	0
DuPont for Congress	297	0
Amy Vilela	290	0
Jamie Kirchick for Yale Trustee	721	0
Serve America	686	0
The Daily Show	679	0
Adam Schiff	761	0
Lebowski Lovers	534	0
Rant Nation with Graham Allen	515	0
Office of Economic Empowerment, Massachusetts State Treasury	248	0
Stacey Abrams	770	0
Toxics Action Center	590	0
Sounds Like Tennessee	229	0
Let's Grow Kids	567	0
CARE Action	511	0
Your Trump Shop	522	0
Random House	543	0
Auditor Suzanne Bump	530	0
Dispatch by Circa	507	0
Heidi Heitkamp	446	0
Donald J. Trump - Keep America Great	491	0
OAF Nation	408	0
Help for Essure Victims	556	0
Kialo	487	0
CNSNews.com	483	0
Ryan Hampton	482	0
Tina Smith	530	0
Danny O'Connor for Congress	422	0
NextTribe	388	0
American Loggers Council	467	0
My America	375	0
FEE	449	0
Defenders of Wildlife	495	0
LifeZette	4713	0
Steve Deace	418	0
ClearPath Action Fund	376	0
Cathy Myers	703	0
Randy Bryce	351	0
Military Tees	345	0
Alexandria Ocasio-Cortez	304	0
The Atlas Society	409	0
Upworthy	560	0
UUSC: Unitarian Universalist Service Committee	394	0
Humane Society International	385	0
Something has to change, and NOW	381	0
The Humane Society of the United States	380	0
Andrew Gillum	270	0
Let Africa Live	197	0
American Gun Association	294	0
Ryan C. Mitchell, Realtor	146	0
PolicyEd	365	0
Mad Dog PAC	359	0
LemonyTree	358	0
Ben Swann	299	0
BOLD PAC	350	0
Pennsylvania Record	142	0
We Can Solve This	139	0
Logically Illiberal	345	0
No Kid Hungry	308	0
Mayor Philip Levine	155	0
Mary Throne for Governor	336	0
GZERO Media	242	0
UPROXX News	325	0
Human Life Action	130	0
Why Torture is Wrong, and the People Who Love Them	129	0
LCV Victory Fund	321	0
Musa-Obregon & Associates NYC Criminal & Immigration Lawyers	126	0
Juvenile Diabetes Cure Alliance- JDCA	309	0
Daily Vine	267	0
Nate McMurray for Congress	304	0
Cindy Axne	303	0
Anti-Trump Army	298	0
Federal Voting Assistance Program - FVAP	299	0
FrackFeed	295	0
Texas Civil Rights Project	292	0
Hope4Orcas	292	0
End Party Politics	289	0
Premium Care For Seniors	163	0
Gavin Newsom	291	0
Chuck Schumer D-NY	285	0
Mercy For Animals	274	0
USA For Trump	280	0
Tom Udall	280	0
Boston Hassle	111	0
Athol Hospital	273	0
For Our Future FL	270	0
AFT - American Federation of Teachers	109	0
The Palestine Institute for Public Diplomacy	107	0
Houston Federation of Teachers	106	0
Institute for Southern Studies	260	0
Matavita - Save The Elephants	261	0
XTRAC Psoriasis, Vitiligo, and Atopic Dermatitis Treatment	255	0
National Right To Try Movement	254	0
Dr. Bronner's	102	0
The News Literacy Project	120	0
Climate Reality	251	0
PhRMA	242	0
Americans for Tax Fairness	239	0
The Trump Prophecy Movie	363	0
Medals Of America	234	0
The Nature Conservancy in Maine	127	0
Anthem Foundation	264	0
Coalition for Strong Community Hospitals	230	0
John Legere	229	0
Raising Tomorrow	108	0
Headline Shirts	226	0
Joe Cunningham	197	0
Zuckerman for Vermont	221	0
Sarasota citizen Martin Hyde	204	0
Conservation International	142	0
U.S. National Committee for UN Women (USNC)	113	0
The Late Late Show with James Corden	215	0
News Procession	169	0
US Lending Marketplace	209	0
PCS Stamps & Coins	209	0
Emerging American Majorities	163	0
Reform Austin	94	0
Judicial Watch	207	0
Hunter For Wyoming	207	0
Impact Fund	205	0
Anthony Brindisi For Congress	82	0
Dan Palmer	200	0
Hoover Institution	199	0
For Four Fox	199	0
David Rolf	197	0
Miller & James, LLP	196	0
Circa Pop Live	196	0
Carnegie Corporation of New York	196	0
The DataFace	195	0
Bopha Malone for Congress	193	0
POW Action Fund	687	0
Planned Parenthood Action	210	0
The Brookings Institution	197	0
Senator Chuck Thomsen	75	0
UltimateStraw	183	0
EveryLibrary	182	0
Freedom for All Americans	73	0
Terry Hayes for Governor	210	0
The Years Project	184	0
The Nib	96	0
Nissi Worldwide	85	0
Shout Your Abortion	217	0
theSkimm	176	0
True Conservative	173	0
David Hildebrand for U.S. Senate	70	0
Donald J. Trump - USA	172	0
Joe Gruters	171	0
The Andrew Klavan Show	168	0
Leadership Institute	103	0
Carbonated.TV	171	0
Sean Patrick Maloney	166	0
Yale Program on Climate Change Communication	78	0
Natalie Blais for MA State Representative - 1st Franklin District	66	0
45th President Donald J. Trump	131	0
In Search of Liberty	78	0
National Farmers Union	65	0
Joe Walsh	155	0
Smart Customer	98	0
The People's Trumpet	65	0
LidKings	62	0
Aaron Regunberg	159	0
AFL-CIO	149	0
Acorn TV	68	0
Burma Task Force	144	0
Personal Liberty	59	0
Free the Weed	58	0
Abdul El-Sayed	572	0
UnitedVoice.com	140	0
Sherrod Brown	138	0
Count on Coal	138	0
Chellie Pingree	71	0
Proud American Hunter	65	0
Missouri AFL-CIO	57	0
Beau Biden Foundation for the Protection of Children	56	0
Phil Bredesen	383	0
NTK Network	138	0
Color Of Change PAC	137	0
Bottom Line With Boris Epshteyn	135	0
Life Changing Videos	134	0
Keith Ellison for Attorney General	63	0
ArtProfileratx	137	0
Rick Neal for U.S. Congress	133	0
Republican Party of Sarasota	132	0
Voice Big	131	0
Seth Levy for District Attorney	131	0
Public Transportation	130	0
Recovery Assistance	129	0
Alliance Defending Freedom	85	0
The Libertee Company	55	0
Action Against Hunger USA	51	0
Lets Make USA Great Again	133	0
Joe Donnelly	126	0
Ben Jickling	124	0
War Against Racism	123	0
Angie Craig	60	0
eq.eco	49	0
Healthy Forests, Healthy Communities	122	0
International Animal Rescue	118	0
DownsizeDC.org	116	0
Vericool, Inc.	62	0
Conservative Investor Daily	49	0
I'm Hope	48	0
I'll go ahead and keep my guns, Thanks	48	0
The Committee to Defend the President	94	0
Tony Evers	53	0
Phil Liberatore For Congress	46	0
Ben Toma	46	0
Mallory Hagan for Congress	495	0
John F. Kennedy Presidential Library and Museum	147	0
Wings of Rescue	43	0
Sam Meas for State Representative	43	0
Run for Something	43	0
Christina Minicucci for State Representative	135	0
Harley Rouda	106	0
Stand for the 2nd Amendment	105	0
Future Generations Advocacy Project	103	0
Thrasher Coffee	101	0
Topic	79	0
Donald Trump Is My President	52	0
E2 - Environmental Entrepreneurs	43	0
AffinityPages	42	0
Foundation for Individual Rights in Education	41	0
USA Homeowner Help	102	0
Kaniela Ing	82	0
SupChina	76	0
Fight the New Drug	47	0
Andy Manar	40	0
Reunify Families Now	93	0
The Committee for Ranked Choice Voting	49	0
Anybody seen my slippers ?	49	0
The Lone Liberal Republican	39	0
ResistanZwear	38	0
National Center for Transgender Equality	38	0
45 and Sunny	37	0
Common Ground Committee	134	0
The Arena	92	0
Omaze	92	0
Showtime Documentary Films	91	0
FloridaStrong	91	0
Florida Democratic Party	91	0
The Giving Keys	41	0
myHIVteam	35	0
VA Claim Pros	87	0
Marilyn Wiles For AZ State Senate - District 10 - Rep.	86	0
Nathan Fletcher for County Supervisor 2018	41	0
Church Life Journal	35	0
Tax March	120	0
Chris Murphy	111	0
Save Your Home Now	82	0
Rugged Country	82	0
Competitive Enterprise Institute	33	0
Apologia Studios	31	0
A Prophet Without Honor	31	0
Sharice for Congress	274	0
Republicans for the Rule of Law	87	0
Mainers for Accountable Leadership	74	0
Marpheen Chann	40	0
David McSweeney	29	0
Cannabis News Update	73	0
Mickie's Miracles	72	0
Real Air Gun Hunting	69	0
Mic	69	0
Julia Salazar for State Senate	69	0
Balter For Senate	29	0
NewsBusters.org	28	0
Gosselin & Kyriakidis PC	27	0
Rainforest Action Network	103	0
Finish the Ballot	73	0
Republican Liberty Caucus	67	0
Union of Concerned Scientists	66	0
Will Hurd	65	0
AIPAC	65	0
Grabien	64	0
National Center for Transgender Equality Action Fund	63	0
Rapha House	41	0
Mainers Against Health Care Cuts	40	0
Ryan Nawrocki for Baltimore County Council	25	0
Climate One	25	0
Jess King for Congress	68	0
Dave Dodson for Senate	60	0
NC House Republicans	59	0
EveryDistrict	59	0
Electric Nation: Powered By Wind	59	0
Eddie Zipperer	59	0
MAINE TWO	53	0
LiberalResistance.net	25	0
Sunrise Outlet	23	0
Protect The Harvest	23	0
Pela Case	57	0
The Nature Conservancy	55	0
Lori Chavez-DeRemer	54	0
Shouldn't you be in Canada by now?	52	0
Paul Davis	23	0
National Wildlife Federation Action Fund	23	0
Outfox AI	22	0
Mary Beth Carozza for Senate	22	0
Lee Saunders	22	0
Dr. Brent Moody for State Representative	22	0
LevinTV	58	0
Progress NC Votes	51	0
Real Science Store	50	0
Point Source Youth	49	0
Jennifer O'Mara for State Rep	49	0
Confucius Institute U.S. Center	37	0
Save Kansas Coalition	25	0
Stop Mandatory Vaccination	19	0
Commentary	19	0
Change vs. More of the Same	19	0
Democratic Association of Secretaries of State	55	0
Nancy Soderberg for FL Congress District 6	50	0
Stand For Salmon	47	0
Kiana Maria Sears	46	0
Attorney General Bob Ferguson	46	0
THE SPACE PAGE	45	0
Ron DeSantis	45	0
Debra Hilstrom for Attorney General	45	0
Meraki Journey	44	0
Matt Flynn	37	0
Maine Conservation Voters	19	0
Barbara Dröher Kline for 20A	19	0
Sobampo4JP.com	18	0
Justice For Elder Abuse	18	0
OZY Future	56	0
SlutBox	51	0
The Real News Network	42	0
Re Elect Mike Hestrin District Attorney 2018	42	0
Orange County Desal Coalition	42	0
FTC PAC	41	0
Unspeakable Crimes	39	0
Pete Olson for Congress	39	0
Healthy Montana Campaign	20	0
Jane Raybould	16	0
Kenneth Mejia for Congress	42	0
Brock Obama	40	0
Wendy Weiker	37	0
E. O. Wilson Biodiversity Foundation	37	0
Bill Day	37	0
Mike Angley	36	0
Great American Politics	36	0
Earth.com	36	0
David Schoen	36	0
Philadelphians for a Fair Future	35	0
Clergy for a New Drug Policy	35	0
Americans for Farmers & Families	35	0
Recovery PAC	34	0
Population Connection	34	0
Kiss 108 Radio	34	0
Doug LaMalfa for US Representative	33	0
Energy Nation	29	0
David Richardson for Congress	23	0
United With Israel	14	0
SAVE	13	0
Your Energy	54	0
UsAgainstAlzheimer’s	49	0
Stand	46	0
Michael Stinziano	33	0
Movement Voter Project	32	0
Americans for Prosperity -  Florida	32	0
Recoil Defender	31	0
Kobo	31	0
Raúl Grijalva	30	0
Hillsdale College Online Courses	30	0
Forward Thinking Politics	30	0
ELM Action Fund	30	0
David Stemerman	30	0
Council Member Rory I. Lancman	30	0
World Animal Protection USA	28	0
True Patriot Wear	28	0
Sevigny for Congress	28	0
NO New Oklahoma TAXES	28	0
Michigan Leadership Committee	28	0
GOP Gifts	28	0
GN	28	0
Cote For Maine	26	0
Sue Hatfield for CT Attorney General	12	0
Mike Levin	544	0
Blue Wave	75	0
Mercy Corps	53	0
LGBTQ Victory Fund	42	0
USA for UNHCR	34	0
Jacky Rosen for Nevada	31	0
Liberty Nation	28	0
The News and Why It Matters	27	0
No Labels	27	0
Marsy's Law for Maine	27	0
Inmigración.com	27	0
Independent Republicans of Wyoming	27	0
Girls Inc.	27	0
USCCA	26	0
Sharen Wilson	26	0
National Trust for Historic Preservation	26	0
National Religious Campaign Against Torture	26	0
CRTV	26	0
Blueprint Kansas	26	0
American Friends of Magen David Adom	26	0
WBZ | CBS Boston	25	0
U.S. Department of Homeland Security Blue Campaign	25	0
Right Wing Threads	25	0
WAPG PAC	24	0
Vito Glazers	24	0
The Mark Kaye Show	24	0
Say No to impeachment	24	0
ProEnglish	24	0
Pawtographs	24	0
Orman for Kansas	24	0
Jack Burkman Radio	24	0
Brooklyn Law School	24	0
BROC-Community Action in Southwestern Vermont	24	0
Wellness.com	23	0
Warrior 12	23	0
The Vegan Vibe	23	0
Resistance School	23	0
MedicareAdvantage.com	23	0
Jay Ruderman	23	0
Death To Tyrants	23	0
ComplyRight, Inc.	23	0
Charles Koch Foundation	23	0
Bill Schuette	23	0
American Independence	23	0
Democracy Counts	16	0
Texans for Natural Gas	12	0
Rhode Island Auto Body Choice	11	0
Cathy Nichols for Senate	11	0
Anita For Arizona	10	0
Sweet For Governor	9	0
Definition.org	212	0
Chrissy Houlahan	103	0
Sandy Ripple	36	0
Courage Campaign	34	0
Shirt Nazi	24	0
Liberty Alerts	22	0
Ken Harbaugh for OH-7	22	0
Keep Them Accountable	22	0
Fuel Freedom Foundation	22	0
Defend Birth Control	22	0
Bruce Poliquin	22	0
Long Hair Lovers	21	0
JohnCheckforhouse	21	0
bullsugar.org	20	0
The Greene Fyre Review	20	0
The Ben Shapiro Show	20	0
Sidewalk Advocates for Life	20	0
Roxanne Pollard for House	20	0
Conservative Daily	20	0
Clusterfest	20	0
Billie Sutton	20	0
Andrew Wilkow/The Wilkow Majority	20	0
Shareblue Media	19	0
Secular Coalition for America	19	0
Rep. Beth Fukumoto	19	0
Mila Atmos	19	0
Gusto	19	0
Charity Mobile	19	0
Billy Spivey for Tennessee	19	0
UNRWA USA	18	0
Shiloh Israel Children's Fund	18	0
NY Nurses United for Quality Care	18	0
Moms Demand Action for Gun Sense in America	18	0
Elliott Nickell for Ramsey County Judge	18	0
Professional Staff Congress/CUNY	8	0
MakingMovies.World	8	0
Aaron From Maine	8	0
CANVAS Unplugged	158	0
Left Out Loud	36	0
BJJ Tee Club	31	0
David Pechefsky	20	0
State of Great MN	17	0
Rumble	17	0
Ross Barkan for State Senate	17	0
2atees1	17	0
World Wildlife Fund	16	0
LevinTV on CRTV	16	0
Karen Smythe for NYS Senate	16	0
Kahill for Judge of Probate	16	0
I Care March	16	0
Gold Strategies For Americans	16	0
Wikitree - English	15	0
TrumpRussia2018 .com	15	0
Smashed On The Rocks Saloon	15	0
Josh Hawley	15	0
Dr. Donna Campbell	15	0
Colorado Values Project	15	0
Right Scan Right Time	14	0
Family Policy Alliance	14	0
Behind the Badge OC	14	0
Beautiful Christian Life	14	0
South Carolina Alliance to Fix Our Roads	13	0
Leah Aldridge for State Senate	13	0
Jeff Brandes	13	0
Elizabeth Baker for District 2 Hamilton County Commissioner	13	0
Dr. Matt Stewart for Pinellas County School Board, District 6	13	0
Dean Phillips for Congress	13	0
North Carolina Citizens	11	0
Lucas St. Clair for Congress	7	0
Jason Anderson for District Attorney	7	0
Zak Ringelstein	6	0
JoyAnn Ruscha for RTD District B	6	0
John Haste	6	0
Commissioner Beverly Nicholson-Doty	6	0
CWA District 1	6	0
American Liver Foundation	6	0
Rock Steady Ecommerce	1019	0
Dana Balter for Congress	38	0
IOOGO	29	0
Tahirah Amatul-Wadud	20	0
Oxygen	15	0
Idaho Conservation League	15	0
Pawfect	12	0
McShane LLC	12	0
Yes Glenn County	11	0
World Relief	11	0
Veteran Disability Organization	11	0
Kathy Manning	11	0
It Starts Today	11	0
Ignatian Solidarity Network	11	0
Felicity Mason	11	0
Courtney Watson -  Howard County	11	0
Clarion Project	11	0
The Holy Tribune	10	0
Steve O'Dorisio, Adams County Commissioner	10	0
Stephen Perenich - Democrat For Congress	10	0
Meghan Casey for Yarmouth Town Council	10	0
Karen Heggen Saratoga County District Attorney	10	0
Ja'Mal Green	10	0
Heifer International	10	0
Dominic Rapini	10	0
Cristina Garcia	10	0
VirtualJerusalem.com	9	0
Steve Papermaster	9	0
Smalley for Alabama Supreme Court	9	0
Self-Reliant Republic	9	0
Sarah Shelton Henry	9	0
Quentin Miller for Buncombe County Sheriff	9	0
Meg Walsh for Texas Senate	9	0
Keryn Rowland, Candidate for Pennington Co Commissioner, District 1	9	0
TraffickingMatters	8	0
Stacy Nunnally for Rutherford County Commissioner - District 19	8	0
Ronald Gelok & Associates	8	0
Fight for $15	8	0
Camille Coolidge-Shotwell For Judge	8	0
Voters - Not Politicians	5	0
Troy McDonald for Stuart City Commission, Group 3.	5	0
Jim McGovern	5	0
Vocal	4	0
Roby Smith for Iowa	4	0
Midas Gold	4	0
Left AF	4	0
Know Colorado	4	0
Kanew for Congress	4	0
Equality Florida Action PAC	4	0
Keri Ingle for Missouri	3	0
Everytown for Lucy McBath	3	0
Derek Armstead Mayor of Linden	3	0
Blake Rubin For District Attorney	3	0
National Popular Vote dot com	161	0
Steven Buccini for NC House	22	0
Tish James	20	0
The Barrett Brigade	7	0
Riverside County Sheriff Stan Sniff	7	0
Orphan Voice	7	0
NAACP Legal Defense Fund	7	0
Mike Kaczmarek for Wright County Sheriff	7	0
Likewise Media	7	0
Laurie Rushing for State Representative District 26	7	0
Friends of Danny Glidewell	7	0
Carlos Reyes for Congress	7	0
Bishop Frank J. Caggiano	7	0
YWCA Arizona - STAT-Stand Together Arizona Training & Advocacy	6	0
Shea Homes	6	0
Senator Ed Jackson	6	0
Sebrina L. Slack for Circuit Judge	6	0
Real Talk 910	6	0
Public Service Proud	6	0
Janice Rich for Colorado	6	0
Hallie Thompson for Congress	6	0
Fayrouz Saad	6	0
Darryl Morin For LULAC National President	6	0
Cooperative Action Network	6	0
Committee to Elect Dean Mosley for Circuit Court Judge	6	0
Senator Joan Carter Conway	5	0
Secular Revolution	5	0
Robert Kesten for NYS Senate	5	0
Representative Phyllis Henderson	5	0
Modern Medicaid Alliance	5	0
Joe Manchin	5	0
Jerome Moon for State Representative	5	0
Jared Polis	5	0
InfigoNation	5	0
Freedom Greece	5	0
David Kim For Congress	5	0
Congressional Leadership Fund	5	0
American Financial Advisory For A Better Future	5	0
Trey Terry for State Representative	4	0
Sharon Brackett for D46 Baltimore City Democratic Central Committee	4	0
Push Digital Inc	4	0
Proncey Robertson for State Representative District 7	4	0
Omar Kadir for Treasurer	4	0
Northern Cherokee Nation	4	0
Megan Thompson, Clay County Clerk	4	0
Larsen Jay	4	0
LaTonya Johnson	4	0
Jeff Fine for Superior Court Clerk	4	0
Golden State Observer	4	0
Eric Hill	4	0
Duane Sand for ND State House in District 47	4	0
Dr. Nilesh Kalyanaraman	4	0
Dave Durrell for House District 16	4	0
Crime Survivors for Safety and Justice	4	0
Chris Sloan for District Judge	4	0
Beyond The Struggle	4	0
Antonio Delgado	4	0
Americans for Prosperity - Colorado	4	0
Washington State Democratic Party	3	0
Treasurer Bobby Hill	3	0
The Republican Party of Riverside County-Official	3	0
Senator Tim Neville	3	0
Senator Rebecca Millett	3	0
SC Club for Growth	3	0
Mary Washington for State Senate, 43rd District	3	0
Lesley for CU Regent	3	0
Jonathan Porter for Delegate	3	0
Jill Norgaard for AZ House	3	0
Home Media Consultants	3	0
Color Of Change	3	0
Charlesetta Wilson for State Representative	3	0
1MISSION	3	0
Vote Morgan Out	2	0
Vote Jon Ford	2	0
Tony Luetkemeyer	2	0
State Representative Manny Diaz Jr	2	0
Power In Black	2	0
Madhu Anderson	2	0
When We All Vote	1	0
Clean Energy Jobs Ohio	1	0
The Rights Party	2997	0
Cynthia Nixon for New York	1581	0
Retirement Income Planning 567	999	0
Manchester Republican Committee	999	0
Maura Healey	534	0
EnergyBoom	333	0
Josh Gottheimer for Congress	329	0
Hilarious Texts	306	0
Roger Hicks For York County Sheriff	152	0
Conservation Law Foundation	128	0
Brenda Siegel for Governor	75	0
Barry Finegold for State Senate	74	0
LendingTree	71	0
Solstice	52	0
Chris Tribou for State Representative	51	0
Greentech Media	48	0
Marc Lombardo	46	0
Massachusetts Down Syndrome Congress (MDSC)	38	0
Stony Brook Foundation	37	0
Access Fund	34	0
Trade For America	33	0
Niskanen Center	28	0
Goose in the Gallows	27	0
Physicians Committee for Responsible Medicine	21	0
ADL - Anti-Defamation League	21	0
Portland Democratic Socialists of America	20	0
Vincent for Boston	19	0
World News Reporter	17	0
Steven Crowder	17	0
John Upchurch for Congress	16	0
Honey Love	16	0
CAPP USA	16	0
Senator Paul Feeney	15	0
Rich Meyer	15	0
Prison Fellowship	15	0
PLAN Action Fund	13	0
Liftable Engagement Services	12	0
JD and Kate Industries	12	0
TruOcean	11	0
Lift Up Louisiana	11	0
United States Holocaust Memorial Museum	10	0
National Constitution Center	10	0
Michael O'Donnell-Candidate for State Representative	9	0
BruceJBerger	9	0
Debbie Stabenow	8	0
Best Friends Animal Society	8	0
Penguin Kids	7	0
Patriot Style	7	0
Alan Maio	7	0
Survival Life	6	0
Protect Our National Parks	6	0
National Geographic Society	6	0
Kathleen Rice	6	0
The Policy Aide	5	0
Sarah Smith for US Congress	5	0
North Carolina Democratic Party	5	0
Mike Soter for State Representative	5	0
TrumpStarSticker	4	0
The Collective PAC	4	0
Representative Nick Mattiello	4	0
PIVOT - The Progressive Vietnamese American Organization	4	0
Michele Meyer for Maine House	4	0
Making A Statement	4	0
Dana Nessel for Michigan Attorney General	4	0
Advance California	4	0
Weirdly Interesting	3	0
W.K. Kellogg Foundation	3	0
THE TRUMP NETWORK	3	0
OZY FEST	3	0
Independent Women's Voice	3	0
Earth Clan	3	0
DecideColorado	3	0
David and Lucile Packard Foundation	3	0
Brenda Brandenburg for Mayor	3	0
AimsPoll	3	0
Adrian Plank for the 47th	3	0
Tony Cho for Los Angeles County Superior Court Judge	2	0
The Global Catholic Climate Movement	2	0
SEIU California	2	0
Portside	2	0
Pete Harckham for Senate	2	0
Mike Hein	2	0
Make HIM Great	2	0
Jonathan Lewis for Congress 2018	2	0
Forest Fire Facts	2	0
Councilmember Rishi Kumar	2	0
Clean Natural Gas	2	0
Clarissa for Oakland School Board	2	0
Bob Weiner	2	0
Allwell Medicare	2	0
The Christian Broadcasting Network	1	0
Texas Patriot	1	0
Sam Jammal For Congress	1	0
Florida Sunlight Project	1	0
Congresswoman Debbie Lesko	1	0
Tom Basile for State Senate	0	0
NC Common Ground	0	0
MHI Action	0	0
Lily Qi for State Delegate	0	0
Kevin Stitt for Governor	0	0
Jill Ortman-Fouse for Montgomery County Council	0	0
Jay Xiong for House 67B	0	0
J.D. Merrill for State Senate	0	0
Conservative Leadership Alliance, Inc	0	0
Congressman Peter King	0	0
Andrew Friedson for Montgomery County Council	0	0
