Restoration PAC	19418997	0
Scott Walker	16207706	0
Strong Wisconsin	10246332	0
Defend Birth Control	9452547	0
Americans for Prosperity	8657364	0
Dark Store Loopholes	7349979	100979
CFGA Wisconsin	6461568	0
For Our Future WI	5569737	0
Kurt J Kober	7128605	0
Ron Kind	4194959	0
Concerned Veterans for America	3498820	0
Leadership MKE	5693426	0
Tony Evers	4146238	0
Kelda Roys	3674927	0
Tom Palzewicz for Congress	3144779	0
High Ground Action Fund	3074978	0
NextGen America	3365101	0
Tammy Baldwin	2427912	0
Mike McCabe for Governor	3041704	0
Cathy Myers	3331525	0
Our Lives Our Vote	2459834	0
MO Research	2295163	0
Wisconsin Homeowners Alliance	1749983	42483
Marsy's Law for Wisconsin	2583622	0
Randy Bryce	1987707	0
Fight For Reform	1557183	0
Republican Governors Association (RGA)	1827883	0
Wisconsin Alliance for Women's Health	2504257	0
Dan Kohl	1900525	0
Wisconsin Wildlife Federation	1049998	50998
Planned Parenthood	1164909	0
Stop Meth Not Meds - Wisconsin	999998	0
Republican State Leadership Committee	849996	0
Wisconsin Freedom PAC	799997	10997
Brad Schimel	811973	20273
Concealed Online	903591	0
Scott Walker Is Letting Our Schools Crumble	814994	22994
Progressive Takeover	797915	0
Mandela Barnes for Lieutenant Governor	620573	0
Leah Vukmir	1072912	0
Speak Up For Education and Kids	607984	0
Wisconsin Right to Life Victory Fund	559997	5197
Andy Gronik	700958	0
Solar Energy Today	611185	0
AFP-Wisconsin	550354	0
Arvina Martin	620986	11886
American Federation for Children Action Fund - Wisconsin IE Committee	686974	10174
Associated Builders and Contractors of Wisconsin	557099	0
Wisconsin Right to Life	405170	0
Paul Soglin for Governor	475990	0
Children's Hospital of Wisconsin	349944	0
Wisconsin for Public Lands	674980	0
Josh Pade	590983	0
Kathy Bernier - Wisconsin Values	300997	10097
Matt Flynn	407914	0
Ewert For Congress	528612	0
Gary George 4 Congress	571935	0
Kevin Adam Steen For Congress	674983	7483
Winker for Wisconsin	440924	0
Human Rights Campaign	517630	0
Lee Snodgrass for State Senate	310993	3293
Paul Nehlen	364589	0
Josh Kaul	480932	0
Dittrich for 38th Assembly District	400986	3386
Goyke for Wisconsin	286984	0
Plumer for Assembly	589957	0
Americans for Prosperity Foundation	282272	0
Team Fred Kessler 2018	380989	5389
GOP	530294	0
The Tax Scam	219995	0
The Real Robyn Vining	204997	10097
United Way of Wisconsin	199999	999
U.S. Chamber of Commerce	199999	0
Planned Parenthood Advocates of Wisconsin	199999	0
Sheriff Bieber	309949	5049
Fix Politics Now	504115	0
Vipond for Congress	361957	0
Kevin Nicholson	364986	4586
Jon W Schultz for Wisconsin Senate	404553	0
Protect Our Workers' Earned Retirement Coalition	409991	0
Tom Sieber	361983	2083
CERS - Committee to Elect a Republican Senate	332977	0
Gwen Moore for Congress	249996	2996
One Nation	344988	0
Wisconsin LGBT Chamber of Commerce	361852	0
Shawn Becker for Wood County Sheriff	275960	0
Congressional Leadership Fund	315058	0
Shabnam For Wisconsin	314973	0
The Real Rob Grover	199997	6497
Orpheum Madison	199997	1097
Howard Marklein	309993	4493
Schulteis for Sheriff	295983	4983
Recycle Cartons	298917	0
March For Our Lives	160790	0
David Zoerner for Kenosha County Sheriff	263573	0
Nikiya Dodd for Alderwoman, District 5	146985	1885
DoSomething.org	150584	0
MKE JobLines	149998	1498
Alicia Leinberger	265759	0
Steineke for Assembly 2018	215988	3188
Donald J. Trump	345481	0
Oldenburg for Assembly	111755	0
Liz for Wisconsin	266970	0
PragerU	108439	0
Patty Schachtner	106996	1296
Can We Trust Caleb Frostman?	238985	22685
Bebris For Outagamie County Sheriff	176985	2285
NextGen Wisconsin	214994	1794
Paul Buhr Wisconsin Assembly	207712	0
The Voter Participation Center	397659	0
Wisconsin Alumni	180993	1893
Cynthia Kaump for WI State Treasurer	196059	0
Wisconsin State AFL-CIO	164979	0
Chris Rahlf for State Assembly	151977	0
Margaret Engebretson for Congress	158779	0
ACLU	119213	0
John Rocco Calabrese For Democracy	167146	0
Rick Banks for State Assembly	172300	0
4ocean	81081	0
Wiegert for Sheriff	89988	1188
Democratic Party of Wisconsin	159996	0
Eric Larsen for Assembly	148978	2178
Gov Walker Stop ATC	129995	0
All Voting Is Local	111976	0
Tranel for Assembly	124395	0
Shatterproof	92203	0
La Crosse County Republican Party	136079	0
Sierra Club	69107	0
Travis Hartwig for Wisconsin State Treasurer	171281	0
National Republican Congressional Committee	72298	0
Mark Martello for Assembly District 35	126992	1592
Flewellen For Sheriff	102976	2376
Focus on Marshfield	141966	3366
Toft For Congress	119727	0
ReBuild USA	70531	0
Thiesfeldt for State Assembly	79996	396
Kevin Booth	99969	0
Woke Vote	73985	0
Swing Left	84808	0
The Policy Circle	104997	0
Alliance for Climate Education	104997	0
Robert Wittke for Assembly	93988	0
Ty Bodden for Wisconsin	84977	0
Steve Boe for Wisconsin	50402	0
VoteTogether	102103	0
The Arc Wisconsin	181898	10098
Erin Tracy for State Assembly	147932	6732
Sarah Godlewski for Wisconsin State Treasurer	107895	0
Vote Janel	99998	998
Emily Siegrist for Wisconsin	96981	2281
Plea for a change, the Michael Bell shooting	101626	0
Connect Americans Now	42555	0
Intellegere Project	105294	0
Tom Steyer	44439	0
Dennis4WI	46992	792
Todd Novak for 51st Assembly District	79739	0
The Sylvee	85951	0
Romaine Robert Quinn for Wisconsin	98969	0
Voces de la Frontera Action	61984	1584
The Nature Conservancy in Wisconsin	39995	0
Yorgan for Congress	76894	0
Patagonia	63629	0
Art Shrader,  Candidate 50th Assembly District	88975	2475
Scott Gavin for Assembly	65996	396
Mayor Cory Mason	64997	697
Leaders Igniting Transformation	64978	0
Kurtz for Assembly	64986	0
American AF	46820	0
Ocean Conservancy	43798	0
Re-Elect State Representative Josh Zepnick	75984	1584
Grady for Wisconsin	44993	1493
American Cancer Society Cancer Action Network Wisconsin - ACS CAN	29997	297
Help for Essure Victims	62738	0
When We All Vote	36284	0
Fahrenheit 11/9	34709	0
United Association	58743	0
Waukesha County Democratic Party	75841	0
Jennifer Shilling	58547	0
Wes Revels for Sheriff - Monroe County, Wisconsin	71984	1584
Wren for Wisconsin	70994	994
National Domestic Workers Alliance	31373	0
Sheriff Dale J Schmidt	37992	792
Mark Born for Assembly	36993	1493
Kriss Marion for Wisconsin State Senate	64925	0
National Democratic Redistricting Committee	78255	0
Barron County Democratic Party	80784	0
John Imes for State Assembly	67980	0
David Gorski for the 72nd Assembly District	58978	2178
Kalan Haywood for State Assembly	45991	891
Dean Raasch for State Assembly District 2	29996	396
Jodi Emerson for Assembly	47973	0
UltraViolet	59160	0
Newsy	55909	0
Outrider Foundation	62103	0
Wisconsin Justice Initiative	76967	3267
Alyson For Wisconsin	59993	1093
Association for Accessible Medicines	57995	0
Citizens for Dale Kooyenga	56996	796
Robyn For Wisconsin	54998	598
CFG Action	54998	0
Wisconsin Election Integrity	24997	697
Treig E. Pronschinske For 92nd Assembly District	24997	697
Shorewest, REALTORS • Green Bay	54978	0
Don Everhard for Taylor County Sheriff	67506	0
Majestic Madison	53914	0
Kim Butler for WI Assembly 28	28950	0
Backcountry Hunters & Anglers	51680	0
Rachel's Action Network	50692	0
Forward Community Investments	64975	0
Nicolet Law Office, S.C. Injury, Disability, & Bankruptcy Law	56992	1192
Mead Public Library	52996	796
Show Up 2018	50998	0
Respect Our Waters	50998	598
Patrick Evans for Mayor	50998	0
Open Primaries	50998	0
Jason Fields for 11th Assembly District	50998	598
Chris Abele for Milwaukee County Executive	50998	598
Wisconsin Firearms Coalition	49999	499
Sean Duffy	49999	0
Polco	49999	0
Outagamie County Republican Party	49999	499
Mayor Justin Nickels	49999	99
EdChoice	49999	0
Badger State Brewing Company	49999	99
A Stronger Wisconsin	49999	100497
Wisconsin Institute for Law & Liberty	36992	792
Pat Snyder for the 85th Assembly	19998	198
County Executive Chris Abele	49988	0
Democratic Party of Green County	49974	0
Tammy Sternard for Door County Sheriff	55994	0
Shareblue Media	23930	0
Supervisor Calvin Callahan	38986	0
Sheriff David Beth	31475	0
Joseph Kexel for Congress	31973	0
Dr. Brittany Keyes	58472	0
TSR Concrete Coatings	17637	0
Ken Summers for State Representative	31992	0
Planned Parenthood Action	45740	0
Beto O'Rourke	20496	0
Everytown for Gun Safety	21252	0
The Young Turks	21468	0
LGBTQ Victory Fund	39082	0
Voto Latino	73947	0
Niemeier for Trempealeau County District Attorney	30990	990
Jim Ott for Assembly	25995	895
Giffords	21767	0
United States Constitution	19537	0
Eric Garcetti	16958	0
Upworthy	22595	0
Kirsten Gillibrand	21298	0
Ed Janke for Oconto County Sheriff	23671	0
End Citizens United	33626	0
Ben Shapiro	19131	0
Elizabeth Riley For Assembly	41986	1386
Curds	35992	0
Matt Adamczyk for State Assembly	20996	796
Jeremy Likely for Sheriff-Monroe County Wisconsin	19997	297
First Quote Health	17782	0
PolicyEd	14697	0
MoveOn	73247	0
Whole Woman's Health	18518	0
The Nature Conservancy	18877	0
HILL TV	18203	0
Conservative Gear	21335	0
Democratic Coalition Against Trump	19215	0
Giving Brush	17952	0
Nine Line Apparel	15968	0
350 Madison Climate Action Team	35988	0
Wisconsin National Organization for Women	14998	198
Dream Clean, Inc.	14998	198
The Jim Jefferies Show	15640	0
Ben & Jerry's	11364	0
AJ Kern MN 6th District	18132	0
Taxotere Lawsuit Information	13820	0
NEA Today	11674	0
Save Animals Facing Extinction	13670	0
UAW International Union	22246	0
Kamala Harris	25986	0
Co-ops Vote	20573	0
Armed American Supply	20248	0
Options for Women - River Falls	18653	0
FCTRY	13394	0
National Public Pension Coalition	10293	0
Barron County Republican Party	33625	0
Andrew Werthmann	30989	0
Wirth4Mequon	27992	792
Republican Assembly Campaign Committee (RACC)	25994	0
Andy Lamb for Wisconsin State Assembly 23	25994	594
Rod Dicus for Dunn County Sheriff	24995	495
Protect Our Care	24995	0
NumbersUSA	11997	0
Xcel Energy Wisconsin	9999	0
Suffrage Run & Walk	9999	99
SEIU Local 1	9999	0
Ron Miscavige Blog	9999	0
Luther Manor	9999	499
Edward Jones - Financial Advisor: Peter van der Hagen	9999	99
Creadero JC Macedo Ron	9999	99
André Triplett	9999	99
Brett Semingson for Trempealeau County Sheriff	24987	0
Lori Hawkins for Wisconsin	9983	0
The Wisconsin Conservative Digest	10827	0
ExxonMobil	13152	0
Seth Moulton	12036	0
Debbie Stabenow	9759	0
Heidi Heitkamp	13368	0
Elizabeth Warren	21646	0
National Wildlife Federation Great Lakes Regional Center	8988	0
Instagram	8928	0
Mike Rothman for Attorney General	15751	0
Amy Loudenbeck for Assembly	22111	0
Elect Dan Miller Florence County Sheriff	22942	0
Gae Magnafici for WI Assembly District 28	10791	0
League of Conservation Voters	28217	0
Penzeys Spices	20311	0
Pela Case	10348	0
NARAL Pro-Choice America	19985	0
Turning Point USA	10084	0
We Are The Mighty	9949	0
Chippewa Valley Votes	22993	693
#MarchOnNra	21994	594
Dane4Dogs	20995	495
Amnesty International USA	10928	0
Planned Parenthood Minnesota Advocate	18173	0
NRDC	11274	0
Raising Tomorrow	7480	0
Kathy Lohmer for State Representative	17987	0
Made In America Tax	7146	0
Sandy Hook Promise	8036	0
Vets Fighting 4 Vets	6676	0
Pritzker Hageman, P.A.	6478	0
USA Patriots for Donald Trump	8055	0
Alliance Defending Freedom	9077	0
EMILY's List	8161	0
NRATV	7990	0
NRSC	8585	0
Wisconsin Assembly Democrats	28983	0
PRSP Pan-African Revolutionary Socialist Party	21990	990
Raj Shukla for Mayor	17994	594
Rich Postlewaite for Assembly	15996	396
Friends of Mary	15996	396
Hannah Dugan for Judge	15947	0
WI Fair Elections Project	14997	297
Tim Thomas for Sheriff	14997	0
Richard Sarnwick for Wisconsin Assembly	14997	297
UltimateStraw	6286	0
Veteran Loans Online	7406	0
Retired Republicans	7380	0
Re-elect Sheriff Mark Rohloff	14591	0
Build With Strength	7281	0
Jewish Voice Ministries International	8393	0
The Brookings Institution	6124	0
Marsha Blackburn	7153	0
Stand for the 2nd Amendment	8242	0
Topic	7055	0
Waukesha Young Republicans	13933	0
Earthjustice	5601	0
Local Majority	14005	0
Defend Our Constitution	5476	0
I'll go ahead and keep my guns, Thanks	6096	0
Smart Cities Prevail	5260	0
The Daily Show	5157	0
45 Hats	10052	0
Heifer International	8592	0
America's Navy	6085	0
Patriotic Drop Shop	8191	0
Ted Cruz	6319	0
Convention of States	5441	0
Donald J. Trump - Keep America Great	5376	0
St. Martin's Press	4878	0
Center for Biological Diversity	5625	0
I Love My Freedom	5880	0
Clarity Money	5747	0
Save the Boundary Waters	11422	0
We The People Holsters	5838	0
Greenpeace USA	10007	0
Global Citizen	5540	0
Dempsey for Judge	8330	0
Democrats	10727	0
Warrior 12	4309	0
Adam Kinzinger	5176	0
In Search of Liberty	5336	0
OSF HealthCare	9005	0
Jeff Merkley	7158	0
Gina Walkington	19192	0
Hoppe for Sheriff - Washington County	4281	0
Nick Hyde for State Representative- 89th District	10329	0
Solar Rebate	10011	0
News Break	22985	0
Aaron Matteson for Assembly AD22	22985	0
Tosans for Responsible Government	17990	990
Krug for Assembly	13994	594
America's Future Foundation	13994	0
Matt Lederer for Assembly	12995	0
Aaron E. Camacho for WI State Senate District 31	12995	495
Tonda Thompson for 5th District Alderwoman	11996	396
Women's Medical Fund Wisconsin	10997	297
UU Fellowship of La Crosse	10997	0
Rob Hutton	10997	0
Lillian Cheesman for Wisconsin Assembly, District 15	10997	297
James W Edming	10997	297
YES for Oak Creek Schools	9998	198
Wisconsin Faith Voices for Justice	9998	198
Safe Communities MDC	9998	198
Mexico-US Trade	9998	0
Mayor Bob McManus	9998	198
Ken Schneider for Sheriff	9998	198
Justice & Rights Commission	9998	198
Eric Genrich for Green Bay	9998	198
Democratic Party of Outagamie County	9998	198
Charlie Warner for Assembly	9998	0
Alderwoman Chantia Lewis	9998	198
Wisconsin 1st Congressional District	9993	0
UNICEF USA	4512	0
John Leiber for State Assembly	9831	0
CRTV Tonight with Gavin McInnes	5969	0
Make America Great Again - Republican	9799	0
Judicial Watch	3911	0
The Moore Charitable Foundation	3895	0
Proud Right Winger	8540	0
Faith In Minnesota	4757	0
Monroe County Republican Party	9438	0
DiversityInc	4683	0
Circa	6171	0
Tactical Pro Supply	4561	0
Association of American Universities	9136	0
St. Croix County Democrats	22087	0
Civiqs	5179	0
Perennial Plate	3607	0
All Def Nation	3594	0
Jack Bergman	8880	0
UPROXX News	3656	0
Environmental Working Group	5479	0
Financial Juneteenth with Dr. Boyce Watkins	4414	0
Aftab Pureval	3530	0
Democratic Party of Rock County	8556	0
Definition.org	7558	0
American Tort Reform Association	8500	0
Public Transportation	3396	0
Cold Dead Hands	5046	0
Shaun King	3880	0
League of Women Voters of the U.S.	6732	0
Fox River Capital	10258	0
Andrew Janz	9515	0
Live Action	3295	0
Dinesh D'Souza	12792	0
Environmental Defense Fund	8730	0
UnitedHealthcare	4638	0
U.S. LawShield	3180	0
Starry for Sheriff	7820	0
Donald J. Trump - USA	3138	0
Demand Justice	4362	0
Supporting American Values	3013	0
Elect Brian Stewart	5836	0
The Devil We Know	3350	0
Remezcla	3368	0
Dan Feehan for Congress	7369	0
Craig Blacklock	7262	0
Flip It Blue	3305	0
Medscape	2887	0
National Network of Abortion Funds	6846	0
Conservative Tribune	4912	0
Axios	2758	0
Barnes & Noble	2736	0
Brady PAC	2963	0
Chuck Schumer D-NY	3958	0
Military Officers Association of America (MOAA)	3280	0
Oxfam	3730	0
The Wilderness Society	2559	0
NTD Life	13011	0
World Mercury Project	2597	0
In the Woods with Phil	3865	0
ASMDSS	2787	0
Wisconsin County Forests	2493	0
State Representative Brian W. Stewart	5376	0
Stand Up America	17050	0
The Years Project	3350	0
KickstandProductions	5838	0
Smart Customer	5367	0
Judge Donna Honzel	3303	0
Angie Craig	3555	0
Exclusive Apparel	4447	0
Proud American Hunter	4438	0
St. Jude Children's Research Hospital	2213	0
TruOcean	3309	0
FutureinAmerica	2183	0
Federal Voting Assistance Program - FVAP	2613	0
Senate Majority PAC	2995	0
Nuclear Energy Institute	2601	0
Mic	2032	0
Richard Painter	2403	0
Mike Richter for Washburn County Sheriff	19984	1584
Michael A. Tauschek	13990	990
Buress For Assembly	9994	594
NTD Television	9813	0
Veterans United Home Loans	8995	0
Sam Christensen for Racine County Clerk of Circuit Court	8995	495
Medicare Supplement Plans	7996	0
Jimmy Anderson for Assembly	7996	396
Our Wisconsin Revolution - Milwaukee	6997	297
Stop Scott Walker	5998	198
Rob Summerfield	5998	198
Republican Party of Wood County	5998	198
Republican Party of Wisconsin - 6th District	5998	198
Region 7 - UEP Wisconsin	5998	198
Nanette for Assembly 2018	5998	198
Kevin Petersen for 40th Assembly	5998	198
Drinking Liberally Glendale, WI - North Shore	5998	198
Daniel L. Hatcher	5998	198
Columbus Wisconsin Progressives	5998	198
Albert Rohland	5998	0
International Crane Foundation	5499	0
Étude High School	4999	99
Women's March WI	4999	99
WisconsinEye	4999	99
Wisconsin Women VOTE	4999	99
Wisconsin Term Limits	4999	99
West Hill Bar & Grill	4999	99
WHBY	4999	99
Under the Lights of Lambeau	4999	99
The Law Buzz	4999	0
Shelia Stubbs for State Assembly	4999	0
Sheboygan County GOP	4999	99
Scott Nordstrand for County Board	4999	99
Save EPA	4999	0
Potawatomi Hotel & Casino	4999	99
Peter Kapler-Thrivent Financial	4999	99
Our Lives Magazine	4999	0
Northwoods Climate Action Network	4999	99
Menomonee Falls Taxpayer Association - MFTax.org	4999	99
Maggie's List	4999	0
Johnell Tate Jr.	4999	99
Jeff Wright for Wisconsin	4999	0
Jacque for State Senate	4999	99
J.K. ART	4999	99
Farm Fresh Atlas	4999	99
Devin LeMahieu for Senate	4999	99
Democratic Party of Door County	4999	99
Client First Tax and Wealth Advisors	4999	99
Citizens for Matthew Brockmeier	4999	99
Citizens Take Action	4999	0
Center for Media and Democracy	4999	99
Brown County Tavern League	4999	99
Modern Medicaid Alliance	11986	0
Our Wisconsin Revolution	5759	0
DC Statesman	2026	0
SwiftShield	5933	0
Ammar Campa for Congress	1948	0
Mesabi Group-Thrivent Financial	4813	0
For Our Future	4922	0
Azula	1925	0
A Better Mt. Pleasant	51361	0
USA For Trump	1886	0
Centro Unido	4710	0
Drug Injury News	4635	0
Audible	2367	0
Disability Benefit Network	4581	0
Human Coalition	3979	0
Be A Hero	4805	0
Oceana	5026	0
Young America's Foundation	2579	0
Anthem Foundation	4032	0
PETA (People for the Ethical Treatment of Animals)	2140	0
Sand Cloud	3278	0
Total Wealth Research	1807	0
ClearPath Action Fund	2326	0
Tax March	3744	0
World Vision USA	4286	0
In Homeland Security	1706	0
Rugged Roots	1701	0
Louder with Crowder	3718	0
Second Harvest Foodbank of Southern Wisconsin	4095	0
Circa Pop Live	2568	0
Unite America	6379	0
Joe Radinovich	3269	0
Jay Sekulow	2069	0
Animal Matters	1972	0
NTK Network	1581	0
Ivory Ella	2996	0
Your Trump Shop	3595	0
FEE	3420	0
Kayla for Iowa	4879	0
Matt Pelikan for Attorney General	3147	0
Ohio AFL CIO	1472	0
LifeZette	28349	0
Resistance School	3583	0
USPS Business	1431	0
Michelle Lee for Congress -MN	2105	0
Military Network	1567	0
Patriot Depot	3795	0
Zillow	1371	0
Direct Expose	1408	0
Grant Carlson	1359	0
NowThis	1357	0
Abortion On Our Own Terms	3388	0
Electric Nation: Powered By Wind	3375	0
Ed McBroom for State Senate	2876	0
Progressive Turnout Project	1330	0
America First Policies	1377	0
Lets Make USA Great Again	3298	0
Boredom Therapy	2566	0
World Food Program USA	1328	0
Outvote	3221	0
Orman for Kansas	1290	0
Claire McCaskill	1833	0
PCCC - BoldProgressives.org	5146	0
Shield Republic	3357	0
Daniel Manick for County Commissioner	3023	0
Kialo	2583	0
State Representative Sheri Jesiel	3836	0
National Audubon Society	3044	0
Mayor Philip Levine	1567	0
The Palestine Institute for Public Diplomacy	3072	0
Joyce Mason for State Representative	2969	0
CREDO Mobile	4671	0
Parks Project	2869	0
Darryl Morin For LULAC National President	2782	0
Zephyr Teachout	4118	0
Election Day Strategies	2747	0
Louise Valentine for State Senate	1090	0
Eric Swalwell	1077	0
Human Rights Watch	2771	0
Minnesota Values	1215	0
Humanization	2531	0
The Nib	1951	0
Democratic Senatorial Campaign Committee (DSCC)	2381	0
American Gun Association	1650	0
FreightWaves	2409	0
Reform Austin	1145	0
Dean Phillips for Congress	947	0
Danny O'Connor for Congress	2059	0
WhatTruth	890	0
Alliance for a Better Minnesota	3694	0
Defenders of Wildlife	2203	0
MJ for Texas	1908	0
World News Reporter	1813	0
NRDC Action Fund	1745	0
Seniors Speak Out	869	0
HeloGreen	2142	0
Common Defense	2108	0
UP Defense Fund	2068	0
No Kid Hungry	2087	0
Goods Unite Us	1824	0
Working America	2052	0
State of Great MN	1011	0
Clean Energy Authority	1311	0
Friends of Rockford Police K-9	808	0
The Power of Minnesota	2229	0
Tina Smith	3959	0
Sharice for Congress	2402	0
No Labels	1956	0
Moms Clean Air Force	1236	0
Wright, Williams and Associates	1901	0
Indivisible Guide	2905	0
Teamsters United	1858	0
Bernie Sanders	1858	0
martinezward4.com	1596	0
Great American Era	1394	0
Abby Finkenauer for Congress	847	0
NRCC IE	830	0
Save the Storks	1766	0
Citizens for Consolidation	1757	0
Democratic Governors Association (DGA)	1504	0
Farmworker Justice	2193	0
HRC Chicago	691	0
Poor People's Campaign: A National Call for Moral Revival	1418	0
Breaking Big	1708	0
45th President Donald J. Trump	1492	0
Sara Dady for Congress	682	0
LidKings	1373	0
Pfizer	1810	0
National Committee to Preserve Social Security and Medicare	2317	0
Power In Cooperation	1988	0
Leadership Institute	1637	0
Rugged Country	909	0
Protect The House	1638	0
The Meanest Woman Alive	1626	0
Defending Donald	953	0
Better With Age	967	0
Patty Murray	646	0
OAF Nation	1217	0
Association of Young Americans	1605	0
The Collective PAC	1603	0
Conservative Investor Daily	1148	0
Science for Humans and Freedom Institute	2393	0
Shout Your Abortion	1480	0
National Partnership for Women & Families	1585	0
Let Africa Live	1244	0
Winning For Women	2053	0
Independent Voter	961	0
Change vs. More of the Same	1513	0
30X30 Forests, Food and Land Challenge	603	0
BESE	1016	0
Keith Faber	597	0
314 Action	1461	0
Rock Steady Ecommerce	1185	0
World Wildlife Fund	1473	0
The Atlas Society	1128	0
Republicans For Making America Great Again	1431	0
Ignite National	1425	0
Tee Shirt Palace	1413	0
JB Pritzker	771	0
Alliant Energy	1405	0
I Love You, America	1390	0
The News and Why It Matters	1384	0
Penguin Kids	1144	0
State Innovation Exchange	1132	0
Energy Citizens	2259	0
Conversations with Bill Kristol	1593	0
SlutBox	1386	0
Coalition for Modern Water Systems	1384	0
Joe Kennedy III	1563	0
SEIU Healthcare Minnesota	1375	0
Invested Interests	1374	0
Scott Wagner	686	0
People's Climate Movement - Minnesota	788	0
International Rescue Committee	1146	0
Erin Murphy for Governor	1204	0
Rudy Peters for Congress	1326	0
Yale Environment 360	1315	0
Ayanna Pressley	1344	0
Lisa Ring for Congress	523	0
Geoff Diehl	519	0
Yale Program on Climate Change Communication	1793	0
Better Medicare Alliance	1284	0
The Tasteless Gentlemen	690	0
RageOn	1280	0
Nick Adams	1279	0
BOLD PAC	1279	0
Martin Heinrich	1274	0
NRDC Trump Watch	541	0
LifeDaily	2623	0
SEIU MN State Council	1269	0
I Am An Immigrant	1037	0
Quirk Books	1264	0
My Shop Therapy	1017	0
Democratic Attorneys General Association	923	0
Hoover Institution	1031	0
Jay Ruderman	1259	0
Great America PAC	1341	0
No on SoccerCity	582	0
JD and Kate Industries	1216	0
Jess Phoenix	968	0
Our Public Lands	816	0
Phil Bredesen	717	0
Team Morris	619	0
AIPAC	1042	0
Spreadshirt	1190	0
Weirdly Interesting	1181	0
NRA - National Rifle Association of America	1317	0
Howstuffworks	1228	0
Bluestem Kansas	1164	0
LevinTV	906	0
Meraki Journey	1136	0
Minerals Make Life	1134	0
Missouri AFL-CIO	455	0
Downtown for Democracy	1132	0
Wayne Seiberlich	452	0
Native Roots Radio	1124	0
End Party Politics	1142	0
TrumpRussia2018 .com	1139	0
Paramount Network	679	0
Lebowski Lovers	1185	0
National Center for Transgender Equality	1095	0
Shared Hope International	1089	0
Steven Crowder	1081	0
Minnesotans for Line 3	1079	0
Bill Nelson	906	0
Viral Motion	1071	0
Larry Spaeth For McHenry County Board	1070	0
forhims	1046	0
Altamar with Peter Schechter and Muni Jensen	1046	0
David Richardson for Congress	1014	0
Pete Stauber	431	0
Hillsdale College Online Courses	1038	0
Robert Mueller Action Figure	1032	0
Jana Lynne Sanchez for US Congress	1029	0
2nd Amendment Supporters	851	0
The Commonwealth Fund	457	0
New American Leaders	1014	0
Politikal Junkie	1048	0
CALL TO ACTIVISM	1009	0
Gold Strategies For Americans	987	0
GOP Gifts	986	0
Free To Choose Network	980	0
Commemorate Number 45	980	0
NRA Institute for Legislative Action	975	0
GreaterHalf.com	1030	0
America First News	974	0
Robert Reich	967	0
Fett for Iowa	952	0
Axiom News Network	949	0
Trade For America	483	0
Friends of the Earth U.S.	944	0
Let America Vote	936	0
Pi Yoga Pants	1659	0
EFB Advocacy	915	0
Medals Of America	752	0
Father Frank Pavone	910	0
Organizing for Action	1349	0
Imprimis, a Publication of Hillsdale College	918	0
Rednecknationco	906	0
A Better Way Minnesota	576	0
Good Jobs Nation	30433	0
TRUMP TRAIN	897	0
Phone2Action	480	0
Fight Back	884	0
Patriot Powered Products	1183	0
Church & State - Utah's Battle over Same-Sex Marriage	887	0
Paquette For 78th State Representative	870	0
Sun Gazing	894	0
House of Patriots	1970	0
Institute for Southern Studies	862	0
Proud Americans Supply	859	0
DeliverFund	859	0
Rock n Roll Metal	858	0
NACECME	856	0
charity: water	854	0
NewsBusters.org	852	0
America Rising	851	0
Lorie Zapf for City Council	844	0
Independent Women's Voice	862	0
Will Witt	842	0
Ben Ferguson	824	0
GetVokl	880	0
dittymoji	931	0
Chris Murphy	842	0
Libertarianism.org	817	0
Village Savant	814	0
America with Eric Bolling	1008	0
Competitive Enterprise Institute	812	0
Family Survival	811	0
Abdul El-Sayed	639	0
Randy Hultgren	582	0
Progressive Caucus	441	0
We Can Solve This	325	0
Stand Up for School Bus Safety	1556	0
Wealth Creation Investing	797	0
American Greatness Apparel	836	0
Canopy - Tax Practice Efficiency Software	789	0
E2 - Environmental Entrepreneurs	316	0
Stacey Abrams	1120	0
Learn Our History	829	0
Print For Progress	781	0
CARE	871	0
Russell Brunson	773	0
Truthout	393	0
Minnesota 4 Us	381	0
New York Working Families Party	332	0
James Thompson for Kansas	870	0
Center for Reproductive Rights	370	0
Clayton County Democrats	752	0
FloridaStrong	344	0
Speech Moves	514	0
T Brand Studio	734	0
AARP MN	729	0
Minnesota DFL Party	603	0
Summer T-Shirts	719	0
Rant Nation with Graham Allen	501	0
Erase The Hate	475	0
Women For Civility	301	0
Chad Benson Show	456	0
Deb Fischer	711	0
Bottom Line With Boris Epshteyn	709	0
ASPCA	709	0
Climate Reality	745	0
Dave Clegg for Congress	281	0
Clarke Tucker for Congress	280	0
Conservation International	739	0
Rainforest Action Network	522	0
National Wildlife Federation Action Fund	675	0
Blue Wave	1115	0
U.S. Voters' Rights Amendment - USVRA	672	0
Sashka Co.	269	0
Finance Watchdogs	732	0
Minnesota Term Limits	663	0
The Western Journal	390	0
Save The Bees	266	0
Stanford Graduate School of Business	662	0
Voters - Not Politicians	424	0
Festival Cubano	654	0
Paul Reinke for Oakdale	653	0
The Trump Prophecy Movie	924	0
Bob Romps for State Representative	1508	0
Dr. Robert Jeffress	643	0
Living Free	256	0
Doctors Without Borders/ Médecins Sans Frontières (MSF)	629	0
Friends For Zach Nunn	626	0
Institute for New Economic Thinking	309	0
Emerging American Majorities	336	0
California Reinvestment Coalition	612	0
Alex Padilla	281	0
Harley Rouda	245	0
The Lawrence Goldfarb Judicial Reform Foundation	243	0
Janet Garrett for Congress	243	0
Kyle Reyes	593	0
Mary Throne for Governor	300	0
Lori Egan for Iowa House	591	0
War On Our Future	621	0
Soi Dog Foundation	609	0
Joe Tirio for Mchenry County Clerk	578	0
Trumps Train 2020	232	0
Color Of Change	576	0
BookMad	287	0
The N.C. Star	230	0
John Huot for Minnesota House	568	0
Jeff Johnson	562	0
Fischer for Representative	561	0
Diane Lewis	559	0
Mike Bloomberg	225	0
Dr. Dena Grayson	224	0
Urban Intellectuals	573	0
The Hartford Gold Group	557	0
Honoring Our Veterans	294	0
United Moms	543	0
Likewise Media	539	0
Scott Cepicky for State Representative	215	0
Flip Wyoming	523	0
Robert Smullen for Assembly	209	0
The Fighting Forces	564	0
Alexandria Ocasio-Cortez	363	0
Prophecy News Watch	514	0
George Takei	206	0
Coastalteesfashion	511	0
Houston Airport Marriott at George Bush Intercontinental	510	0
Our Flag Our Country	274	0
Transamerica Center for Health Studies	205	0
Trump Trash	203	0
Homestead & Survival	203	0
Jeffrey D. Klein	503	0
Onviant	499	0
Capitol Ministries	494	0
Ranker	489	0
ConsumersTricks	196	0
Cynthia Nixon for New York	1072	0
Firearms Policy Coalition	485	0
The Family Store	483	0
News Procession	297	0
FreedomWorks	245	0
Hillel International	484	0
Drain the Swamp News	481	0
The House of Tees	192	0
GroundUp	1139	0
Making Every Vote Count	966	0
Carbonated.TV	489	0
George Franklin	476	0
The Little Book of Revolution	474	0
Michigan Coalition for Responsible Gun Owners	297	0
Eric Bolling	279	0
Online ADA	189	0
Small Business & Entrepreneurship Council	188	0
Telberg.Photo	466	0
Thomas Trehus for Minnesota House 2018	498	0
Chrissy Houlahan	208	0
The Joyce Foundation	183	0
Kevin McCarthy	277	0
UPROXX	183	0
Right on Crime	182	0
Prevailing Sense	182	0
FLAG  - Foundation for Liberty and American Greatness	181	0
T.J. Shope	462	0
etee	450	0
Dianne Feinstein	189	0
Affordable Medicare	225	0
Media Research Center	177	0
Friends of the IDF (FIDF)	1809	0
National Immigration Forum	177	0
Yes On 793	175	0
Jacky Rosen for Nevada	441	0
Mercy For Animals	370	0
American Independence	182	0
UsAgainstAlzheimer’s	211	0
Animal Petitions	168	0
America Rise Up	447	0
The Ripon Society	166	0
THE SPACE PAGE	166	0
Segal Motorcar Company	166	0
Jeff Peterson for MN House 32B	573	0
Families For Trump	164	0
Angie Bodine For State Rep - Angie4IL	405	0
Joan Greene for Congress	304	0
Modern Fertility	177	0
National Shooting Sports Foundation | NSSF	161	0
USA for UNHCR	160	0
Scott Dianda	748	0
Dakota Meyer	158	0
Chubb North America	389	0
Adam Yang for Judge	388	0
Topix Stars	216	0
Pocket Politics	214	0
Jennifer O'Mara for State Rep	156	0
Care2	156	0
Stop the wall	386	0
Jesse Colvin	386	0
Mayor Matt Hall	371	0
POW Action Fund	216	0
The Lone Liberal Republican	150	0
Ocean Helper	370	0
Opportunity First	175	0
Sarasota citizen Martin Hyde	415	0
Nasty Woman Cosmetics	169	0
Patriotic Democrat	354	0
New Hampshire Democratic Party	354	0
The Humane Society of the United States	142	0
Omaze	141	0
Seacology	345	0
Michigan Leadership Committee	278	0
Premium Care For Seniors	416	0
Amie Hoeber for Maryland	136	0
Liftable Engagement Services	389	0
Dave Dodson for Senate	328	0
Andrew Chesney for State Representative- 89th District	164	0
Golden Gate University School of Law	135	0
30A	207	0
Republican Views Magazine	132	0
Nancy Soderberg for FL Congress District 6	132	0
World of Children	131	0
UnitedVoice.com	329	0
Gates Foundation	139	0
John Cox for Governor 2018	130	0
Lake County Appeal	318	0
Dallas Safari Club	127	0
Earl Blumenauer	312	0
Lori Braucks - Hastings At Large City Council Member	308	0
Lauren Underwood for Congress	233	0
Ja'Mal Green	124	0
The Charlie Daniels Band	123	0
American Hate: Survivors Speak Out	336	0
Conor Lamb	307	0
Doug Bennett	196	0
Rob Davidson for Congress	346	0
UnidosUS	301	0
Maximum Strength Axia3 ProDigestive Heartburn Relief	120	0
Alliance San Diego Mobilization Fund	572	0
Bridge Project	293	0
The Refugee Center Online	163	0
Trump International Hotel Washington, D.C.	280	0
Sheriff Scott Jones	280	0
Mark Dion For Governor	111	0
Lieutenant General William "Jerry" Boykin, USA, Ret.	111	0
Dan Kildee	1418	0
Shea Homes	274	0
Prevention Institute	273	0
Self-Reliant Republic	226	0
Democratic Party	89319	0
The Soldier Network	386	0
Water Lifestyle Co.	365	0
FinancialHealth.net	301	0
Cooperative Action Network	263	0
Focus Mid-South	106	0
Adam Schiff	687	0
Jeff Howe	261	0
American Friends Service Committee	272	0
Left AF	254	0
Congressman Brad Schneider	242	0
Colorado Values Project	155	0
Roger Stone - Stone Cold Truth	101	0
Lee Saunders	249	0
Topix Rewind	1949	0
Right Now USA Superpac	376	0
Charity Mobile	244	0
The Holy Tribune	147	0
Ronda Baldwin-Kennedy	98	0
American Heart Association: You're the Cure	332	0
VOTEPROCHOICE	241	0
Rod Blum	238	0
Balanced News	255	0
Sector 7G	234	0
MI Senate Republican Campaign Committee	95	0
Bird + Stone	376	0
Minnesota Young Republicans	233	0
Kyle M. Woodman	230	0
Re-Elect Representative Andy Schwartz - HD 23	228	0
Patriot Style	227	0
Environmental Voter Project	220	0
YouGov	114	0
Omar Navarro	93	0
Florida Democratic Party	261	0
Help HUgo	223	0
Vote For A Better California	115	0
Lemonade	90	0
Mike Pence	8762	0
1st Tuesday Conservatives	258	0
Jake Highfill	221	0
Democratic Socialists of America	240	0
Conservative Writers	237	0
Ben Toma	220	0
My Name is Ryan V	216	0
Shri Thanedar	82	0
Kanew for Congress	295	0
Action.GOP	206	0
IL CleanJobs	201	0
Off The Wire	200	0
Cannabis News Update	197	0
Scott Svonkin For Board of Equalization	197	0
ThatHelps	196	0
Important, Not Important	111	0
Get Off My Lawn with Gavin McInnes	254	0
Portside	196	0
WAPG PAC	192	0
Sheet Metal Air Rail and Transportation Workers	192	0
David McSweeney	191	0
Anybody seen my slippers ?	190	0
Steve Yeager - Assemblyman, District 9	189	0
Andy Thomson for City Council	186	0
Republicans for the Rule of Law	373	0
Energy Nation	214	0
Americans for Farmers & Families	197	0
Wellness.com	187	0
Gentner Drummond	74	0
Future Now USA	194	0
CarsonWatch	179	0
Bill Conway for Council	178	0
Jason Anderson for District Attorney	178	0
Pawtographs	175	0
Promote Oregon	70	0
Engage Iowa	70	0
Raúl Grijalva	195	0
Michigan Education Association	170	0
Proxy.Vote	168	0
Dubuque County Democrats	168	0
Mindfulness Together	74	0
Askov Finlayson	7638	0
Earth.com	165	0
Jay Xiong for House 67B	81	0
Linsey Fagan for Texas	67	0
Pancreatic Cancer Action Network	177	0
Hunter Breckenridge	158	0
Lessons from Military History	2447	0
Andrew Gillum	1151	0
Senator Chuck Thomsen	158	0
Rene Lopez for Chandler City Council	157	0
Clergy for a New Drug Policy	156	0
The Guide	154	0
World Animal Protection USA	153	0
Carla Nelson	146	0
Jess King for Congress	139	0
The Libertee Company	245	0
2atees1	154	0
Keith Ellison for Attorney General	153	0
Hair By Terri Higgins	151	0
Cook Inletkeeper	151	0
Grabien	150	0
Love in a Time of Fear	148	0
Missouri's Voice	102	0
22 Words	6158	0
Mark Finchem	147	0
Healthy Montana Campaign	144	0
EDF Action	144	0
Stain on America	143	0
Americans for Tax Fairness	143	0
PAWS Chicago	114	0
Military Spouse	62	0
Surfrider Foundation	58	0
Save the Children Action Network	1252	0
Online Carry Course	619	0
Anera	218	0
Strong Women Society	209	0
Kyrsten Sinema	192	0
ProgressNow New Mexico	140	0
Coloradans for Fairness	139	0
John K. Delaney	138	0
Sean Patrick Maloney	86	0
Friends of Tony Bridges	57	0
Reel4TN	56	0
Marsy's Law for North Carolina	56	0
Your Energy	1211	0
PrintedKicks	1080	0
Tactical Air USA, LLC	155	0
My America	137	0
Crime Survivors for Safety and Justice	136	0
Time To Vote On Climate	134	0
Judge Jeanine Pirro	134	0
Brennan Center for Justice at NYU Law	134	0
Kathleen Riebe  Senate 8	133	0
CARE Action	55	0
Green Matters	843	0
American Bird Conservancy	277	0
Generation 180	168	0
Shireen for Congress	163	0
FairVote	130	0
TradeVistas	129	0
Voice Big	128	0
Keep Them Accountable	110	0
LCV Victory Fund	239	0
Stand with Parkland	196	0
Military Tees	189	0
I'm Hope	148	0
Cup Of Joe Podcast	128	0
PussyPin	127	0
PAUL YANG for Ramsey County Judge	125	0
Hog Life Baggers	125	0
Floridians Against Lawsuit Abuse	125	0
California YMCA Youth & Government	123	0
Anthony Bonna	123	0
Jason Metsa	115	0
Right Now MN	94	0
American Liver Foundation	51	0
Distractify	5477	0
Trendchaser	157	0
Sludge	122	0
Rumble	122	0
Trafficking Justice Minnesota	121	0
National Popular Vote dot com	120	0
Kenneth Mejia for Congress	120	0
Donald Trump Is My President	120	0
Young People in Recovery	119	0
The Mexican Next Door	119	0
Command K9 Behavior	119	0
USCCA	118	0
Peter G. Peterson Foundation	118	0
Focus on What Matters	118	0
OZY Future	497	0
Shirt Nazi	138	0
Rise Up Retail	118	0
Fuel Freedom Foundation	117	0
Anne Arundel County Young Democrats	117	0
6th Congressional District Republican Party of Minnesota	117	0
Liberal America	115	0
Liberty For Y'all	114	0
Blue Wave Rising	114	0
Lee Chatfield	113	0
John Faso	103	0
Shertvibes.com	47	0
Red Arrow Media	46	0
Gavin Newsom	888	0
Conservative Daily News	112	0
The Free to be Free Podcast	111	0
The Binding	111	0
Immigrant Report	110	0
Stormey Primm for Coroner	109	0
Riverside County Sheriff Stan Sniff	109	0
Karin Housley	109	0
Elisabeth Luntz for Utah House District 27	109	0
Today's Alternative Facts	108	0
Not My NRA	108	0
Men's Humor	108	0
Bill Holt's Dreamies	108	0
Jeff Brandes	92	0
Finish the Ballot	81	0
Jane Raybould	61	0
Philadelphians for a Fair Future	53	0
New Jersey Education Association	44	0
Bernie For Napa City Council	44	0
Daniel Webster for Congress	43	0
Kaniela Ing	271	0
Scamazon	205	0
Guardian Labs	178	0
OpsLens	173	0
US Lending Marketplace	127	0
Halloween Style	106	0
Great American Politics	106	0
Link20: Act Up for Inclusion	105	0
Political App	104	0
Liberty Justice Center	103	0
Chase Winder	43	0
Nevada Conservation Political Action	42	0
Brian Mast	42	0
NTD News	601	0
The Dean Obeidallah Show	172	0
CMMB	142	0
Oxygen	123	0
National Park Foundation	113	0
President Donald Trump Fan Club	102	0
Mad Dog PAC	101	0
Intentionally Vicarious	101	0
Captains for Clean Water	101	0
American Immigration Control Foundation	101	0
Elizabeth Baker for District 2 Hamilton County Commissioner	100	0
MyWaukee	99	0
Jen Kinney	99	0
John James	98	0
DefendArizona	98	0
Airline Passengers for Justice	98	0
Andrew Cuomo	40	0
Matavita - Save The Elephants	135	0
Idiocracy News Media	129	0
Patients' Rights Action Fund	112	0
Patriot News Alerts	109	0
Jefferson County Farmers & Neighbors, Inc. - JFAN	106	0
Donald Trump Dog Poop Bags	106	0
Veteran Disability Organization	97	0
GZERO Media	96	0
Marshall Beck	95	0
Death To Tyrants	94	0
YOUR View T Shirts: "Just Like We Read Your Mind"	93	0
The Best Videos	93	0
Stand	93	0
John Haste	39	0
White Coat Waste Project	672	0
Justice Democrats	149	0
Nissi Worldwide	118	0
The Decline and Fall of America Starring Jim Greenfield	92	0
Canale for Council	92	0
Trifecta Shirts	91	0
Life Eternal	91	0
Kongregate	91	0
Boog Highberger - State Representative	91	0
Acorn TV	91	0
My Gender Pride	90	0
Marpheen Chann	90	0
Macon County Democrats	90	0
Jackson Grant Capital	90	0
The Resistance	89	0
Here. Have some government.	89	0
Degenerate Millennials	89	0
The Committee for Ranked Choice Voting	88	0
Norm Needleman for State Senate	88	0
Taylor Raynor for NYS Assembly	36	0
Libertarian Party of Iowa (LPIA)	36	0
Dr. Charles Schwertner	36	0
Resist Trump's agenda	579	0
The National Memo	112	0
Social Share Meme	87	0
HomeGrown Tees	87	0
Denormalizers	87	0
The News Literacy Project	86	0
2nd Amendment	86	0
Leslie Pico	85	0
Future Generations Advocacy Project	85	0
Friends to Elect Kristine Reeves	85	0
Councilmember Rishi Kumar	85	0
PSA Supply Co.	84	0
Family Policy Alliance	84	0
American Wild Horse Campaign	84	0
Untied Status Marin Crops	83	0
Thrasher Coffee	83	0
People's World	83	0
Jack D. McCurdy II for Canadian County District Judge 2018	83	0
Chase 4 Mayor	83	0
Allison Boyd for Probate Judge	34	0
Catholic Relief Services	186	0
Andrew Yang for President 2020	144	0
Fashionarchista	105	0
Jon Tester	101	0
Stand For Salmon	86	0
Sabel Security Thrillers	82	0
Texas Public Policy Foundation	81	0
Iowa Federation of Labor, AFL-CIO	81	0
The People For Bernie Sanders	80	0
Petitioning for a Standard Policy for Insulin Pumps at Airport Security	80	0
AMA Patients’ Action Network	80	0
ELI talks	79	0
The Oak Initiative of Arizona	78	0
Lisa Stone Barnes	78	0
Buddhi Gear	78	0
Texans for Natural Gas	72	0
Partnership for Oregon Communities	32	0
Coverage of the Trump Presidency by The Epoch Times	335	0
Lucy McBath for Congress	113	0
Mobile Conservative	85	0
Dana Balter for Congress	85	0
Trump Nation	77	0
Shouldn't you be in Canada by now?	77	0
NRA Women	77	0
James Kennedy for Jefferson County Prosecutor	77	0
The Arena	76	0
Omega Center for Sustainable Living (OCSL)	76	0
Dissent Pins	76	0
GLSEN	75	0
Chris Paradies Campaign	74	0
Brian 'BAM' McClendon	74	0
Wesley Bell for St. Louis County Prosecutor - Democrat	73	0
2nd Amendment For Life	73	0
Jeff Jackson	68	0
SEIU Healthcare Illinois & Indiana	34	0
Michele Gregory for Wicomico County Council District 3	30	0
Planned Parenthood Advocates of Michigan	2311	0
Faith Johnson For District Attorney	146	0
Plan International USA	113	0
North Carolina Citizens	107	0
Dana Nessel for Michigan Attorney General	105	0
LevinTV on CRTV	95	0
U.S. National Committee for UN Women (USNC)	90	0
Otha Thornton For Georgia State School Superintendent	71	0
Kyle Mullica for House District 34	71	0
Uncle Sam Funnies	70	0
Roth Supply Company	70	0
Hopper	70	0
Commentary	70	0
Mendelson For Chairman	69	0
Clarion Project	69	0
Origin Stories: A Podcast About Politics and People	68	0
Committee to Rebuild Maine's Middle Class	44	0
Bill Schuette	31	0
Hennepin County Public Health	30	0
California Republican Party	27	0
Truth Examiner	33989	0
Janet Mills	149	0
Becket	99	0
Minnesota Center for Environmental Advocacy	88	0
SAM - Serve America Movement	67	0
Matt Zerrusen	67	0
Tim Lamb for State's Attorney	66	0
Ray Chiaramonte for Hillsborough County Commission District 7	66	0
NC House Republicans	66	0
Moms Demand Action for Gun Sense in America	66	0
Joe Radinovich: An Experienced Progressive Leader	66	0
The Law Office of Robert C Dominguez, P.A.	65	0
Kristin Robbins MN	65	0
Bill O'Reilly	65	0
Tahirah Amatul-Wadud	64	0
Martin Tully for DuPage County Board - District 3	63	0
Elect Brandon Morrison Shelby County Commission	25	0
David Baria for Mississippi	179	0
Main Street Investors Coalition	144	0
Republican Liberty Caucus	88	0
Russian America TV	66	0
Mighty Oaks Warrior Programs	62	0
Leo Dunson	62	0
Help for Ovarian Cancer Victims	62	0
Stop The Regulatory Drought	59	0
Vickie Yates Brown Glisson	58	0
The Daily Signal	58	0
SupChina	100	0
Susie Lee	97	0
Matt Brown, Democrat for Rhode Island Governor	76	0
1MISSION	66	0
Allie on CRTV	63	0
UnCut Report	57	0
Open To All	57	0
Angelpac	56	0
Budgeting Essentials	55	0
SMU	54	0
Rashida Tlaib For Congress	54	0
Mothers Against Police Brutality, Inc.	54	0
Bradley County Education Alliance	54	0
Black Phoenix Alchemy Lab	54	0
We are mitú	53	0
Beej Das for Congress	53	0
Strategic Solutions for a New Middle East with Denice on the Middle East	29	0
T-Mobile Workers United (TU)	22	0
South Carolina Community Alliance	22	0
Rep. Chuck Efstration	22	0
Re-Elect Sheriff Tom Ferrara 2018	22	0
Don Mayhew	21	0
Dan Koh	560	0
Joe Cunningham	221	0
Paleo Politico News	88	0
U Know U Need This	67	0
Building New York's Best	58	0
Jamie McLeod-Skinner for Oregon	53	0
Kevin Stitt for Governor	52	0
Ian Todd for Congress	52	0
Dr. Kim Schrier	52	0
Color Of Change PAC	52	0
Naytev	50	0
Hass For House	50	0
American Asset Protection Community	50	0
United With Israel	49	0
State Representative Dave Severin	49	0
John Kasich	49	0
Brian Harrington for Laramie City Council Ward 1	49	0
Andrew Friedson for Montgomery County Council	49	0
Re-Elect Sheriff Mike Lowell	48	0
Politicon	39	0
IL-14 Get the Facts	32	0
Jack Whitver	30	0
Darin Mitchell for State Representative	21	0
National League of Cities	66	0
Northwest Michigan Libertarian	49	0
Marcus G. EMHS C/O 2017	47	0
Lance Wallnau	47	0
Jonathan Jordan for North Carolina House of Representatives	47	0
Chess Bedsole	47	0
Conservative Daily	46	0
Arkansans for Jobs and Justice	46	0
Travis Allen	44	0
Narragansett Democratic Town Committee	44	0
Marc Lombardo	43	0
LIUNA Minnesota & North Dakota	43	0
Heritage Action for America	42	0
Colorado Liberty PAC	32	0
IL 14 UNITED	22	0
Blue2 Political Action Committee	18	0
Kevin de León for U.S. Senate	119	0
Dick Barr for Lake County Board Dist. 3	63	0
Delegate Mike McKay	41	0
Send DC A Message on June 5th	38	0
Karen Rose for School Board	38	0
Block Bronx Bolshevik	38	0
Committee to Elect Tom Young for Circuit Judge, Group 26	37	0
The Wire with Edie Grunwald	16	0
Emily Stivers for County Commissioner	16	0
Senator Larry Stutts	15	0
Kasey Reynolds for Chico City Council	15	0
Mikie Sherrill	88	0
Josh Harder	41	0
Jewish Leadership Conference	39	0
Louisiana Lawsuit Abuse Watch	37	0
Lake County Veterans Assistance Commission	37	0
Irfan M Ibrahim 4 DuPage Forest Preserve commissioner	37	0
Equally American	35	0
Al Knable NA City Council at Large	35	0
Charlton for PA	34	0
Mussab Ali for JCBOE	33	0
Mercatus Center at George Mason University	33	0
Brad Boles	33	0
Rick Olson for State Representative	32	0
Mayor Bowser	32	0
Everytown for Lucy McBath	32	0
Mark Mantovani	31	0
Diane Black	23	0
Robert McCulloch - County Prosecutor	15	0
Carolyn McCaffrey For Probate Judge	15	0
Richard Ojeda	61	0
Carl DeMaio	38	0
State Senator Margaret O'Brien	30	0
State Representative Trent Ashby	30	0
Ron DiNicola for Congress	30	0
Ray Madrigal - Lemoore City Council	30	0
Kevin Fisher for Murfreesboro City School Board	30	0
Eli's Legacy Animal Rescue	30	0
Choices	30	0
Abigail Spanberger	30	0
Whiskey In The Pines	29	0
Roby Smith for Iowa	29	0
Austin Petersen	29	0
Roxanne Pollard for House	28	0
Housing For Everyone	28	0
Forest Fire Facts	28	0
Vicky Santana for 32nd State Senate District	13	0
Pacific Sun Chronicle	13	0
Linda Bennett	13	0
Washington State Democratic Party	12	0
No Cuts to Care: No on Measure 106	12	0
JD Wooten for NC Senate	12	0
The Corridor Post	11	0
Mike Levin	96	0
iAmerica Action	77	0
English Cameroon for a United Cameroon	46	0
Cort VanOstran for Congress	37	0
America First Action	37	0
YES on M: SC for Rent Control	27	0
The Deplorable Deck	27	0
The Resistance Alliance	26	0
Scooter Park, State Representative District 65	26	0
Friends of Jared Mead	26	0
DTE Wind Energy	26	0
MHAction.org	25	0
John Cherry	25	0
Harry Sidhu	25	0
Scott Oldford	24	0
Michigan Democratic Party	24	0
Shannon Latham	23	0
Darrin Camilleri	11	0
Wyrulec Company	10	0
WNBA	10	0
Republican Party of Kentucky - Official Page	10	0
Emily Sirota for House District 9	10	0
Joy for Kansas	9	0
Alliance for Michigan Power	9	0
Fed of American Hospitals	70	0
WipeRecord - Criminal Expungement & Record Sealing Attorneys	29	0
AFSCME Council 31	28	0
Sheeba Jolly	22	0
Rick Hayes for State Representative 51st District	22	0
No On AB 2107	22	0
Madalynn Gerold	22	0
Jim Newberger for US Senate	22	0
Americans for Prosperity - Louisiana	22	0
Let Colorado Vote	21	0
Mariah Phillips for Congress	20	0
Steve Roberts State Representative	19	0
Nate McMurray for Congress	19	0
Mike Kaczmarek for Wright County Sheriff	19	0
Janee' Hanzlick for County Commissioner	19	0
Ben McAdams	19	0
Will Robinson	18	0
Paul Secrest for State Representative	18	0
Josie Raymond for State Representative	18	0
A Wider Bridge	18	0
Sheriff John Samaniego	17	0
Chris Elliott for State Senate	16	0
TakeAction Minnesota	8	0
Kirk Deviere For NC Senate	8	0
Gesslein & Luttrell for Monmouth County Freeholder	8	0
Coqui Aqui	7	0
Jason Lewis	84	0
Josh Gottheimer for Congress	39	0
Meet Tim Pawlenty	24	0
No on Prop C	22	0
Equality Florida	18	0
Chupack for Judge	18	0
Tony Rackauckas	17	0
Patrons of Jeff Porter	17	0
Fierce by mitú	17	0
Ellen Lipton for Congress	17	0
Charles Parker for Brevard School Board District 2	17	0
Americans for Prosperity -  Florida	17	0
ACLU of Southern California	17	0
Tony T. Smith for Nevada Assembly District 4	16	0
Plowz & Mowz	16	0
Palmetto Gun Rights	16	0
Milken Institute	16	0
Jeff Tarte	16	0
Bob Weiner	16	0
Minnesota Ag-Energy Alliance	15	0
Bob Loonan for Minnesota House	15	0
Yes For Scottsdale Streets	14	0
Shawn Nelson for Congress	14	0
PubTalks with Eric & Dave	14	0
Not A Nuisance	14	0
Indiana Electric Cooperatives	14	0
Gary Trauner for U.S. Senate	14	0
Equine Preservation of North America - EPONA	14	0
Community Committee to Elect Robert Cohen	14	0
Committee to Elect Luke Thomas Cass County Circuit Judge	14	0
Chase Turner	14	0
Jeff Reisig District Attorney	13	0
Discover Charters	13	0
Conservation Voters of Pennsylvania	13	0
Bill Lee	13	0
Alex Villanueva	13	0
Support Our Schools	12	0
GUNVOTE	12	0
Dillon for Supervisor 2018	7	0
Adam Gray for Assembly	7	0
Truesdell for Presiding Commissioner	6	0
Congressman Randy Hultgren	6	0
Sam for Anchorage	5	0
Dan Klimisch	5	0
Ashley Lehnert for House District 61	5	0
AM 560 The Answer	5	0
Humane Society International	523	0
Phil Liberatore For Congress	510	0
MN350: Building a Climate Movement in Minnesota	307	0
Paul Davis	51	0
Tish James	28	0
Colin Allred	23	0
Fred Upton	13	0
Caroline Self	13	0
Vote Mike Cole Sheriff Of Walker County 2018	12	0
Viviana Janer for Osceola	12	0
Sine Kerr for Arizona	12	0
Rhya Marohn for Charles County Democratic Central Committee	12	0
Paul Kerr for Congress	12	0
Jim Hagedorn	12	0
Jennifer Reynolds For 11th	12	0
Jacqui Irwin	12	0
Jack D. Franks	12	0
Gideon Oakes for District 30 Senator	12	0
Commissioner Beverly Nicholson-Doty	12	0
Brooks For Long Island	12	0
32BJ SEIU	12	0
Sounds Like Tennessee	11	0
Scott Lloyd for Circuit Judge	11	0
Ron DeSantis	11	0
Philip Becnel	11	0
Michael Gaddis for Bonsall School Board	11	0
Donna Cathy for Seneca County Judge	11	0
David Stemerman	11	0
Chesapeake Bay Foundation	11	0
Cheryl Grieb For Osceola	11	0
Adrian Plank for the 47th	11	0
Patton & Hyder PLLC	10	0
McShane LLC	10	0
Mark Pinsley	10	0
Lincoln Land Wind	10	0
Interwest Energy Alliance	10	0
Food Bank For New York City	10	0
Eric Hill	10	0
Elect The Assessor	10	0
Councilman Derek Green	10	0
C. Jordan Labiosa	10	0
BoardSox	10	0
Anna Caballero for Senate	10	0
Andy Barr	10	0
Trisha Stefanski For Jefferson County Prosecutor 2018	9	0
Toni Preckwinkle Week in Review	9	0
Steve Bestolarides	9	0
Raising Colorado	9	0
Powder River Energy Corporation (PRECorp)	9	0
Missouri House Victory Committee	9	0
Lesley for CU Regent	9	0
Justin Fareed for Congress	9	0
Fight for $15	9	0
Christine Pellegrino for NY Assembly District 9	9	0
Campbell For NC Senate	9	0
Rich Yung Zaya	8	0
Marty Grohman for Congress	8	0
Laura Ellman For Senate	8	0
Kelly Rossman-McKinney for State Senate	8	0
Garden State CARES	8	0
Donielle M. Lovell for State Representative	8	0
DD Adams for Congress	8	0
City of Cedar Park, Texas-City Government	8	0
Citizens Utility Board of Minnesota - CUB	8	0
Ben Shnider for County Council	8	0
Americans for Prosperity - Colorado	8	0
Chris Graveline for Michigan Attorney General	7	0
Tom Emmer for Congress	6	0
Joe Markley for Lieutenant Governor	6	0
Jobs for Montana PAC	6	0
Howard Kessler for Tallahassee City Commission Seat 5	6	0
Kumar Barve	5	0
Willie Gray for House 102	4	0
Senator Dan Zumbach	4	0
Marc Elrich for County Executive	4	0
MPR News	4	0
Vote4DA	3	0
Steve Smith for Congress	3	0
Ramon J. Ryan for State Executive Committee	3	0
Dr. Marty Perez for Congress District 27	3	0
Kentucky Family Values	63	0
John Upchurch for Congress	25	0
Linda Gross for the Az House- LD8	23	0
Commissioner Thomas Morgan	17	0
Tim Greimel	12	0
Rick Green	11	0
Brandon Arrington, Osceola County Commissioner	9	0
MedicareAdvantage.com	8	0
Early vote on July 10th for Danny O'Connor	8	0
YWCA Arizona - STAT-Stand Together Arizona Training & Advocacy	7	0
The Arc of the United States	7	0
Susan Concannon for Kansas Representative - 107th District	7	0
Solar24	7	0
Seth Grossman	7	0
Senator Elaine Phillips	7	0
Ryan Ronco	7	0
Rep. Neal Collins	7	0
President Joe Shirley, Jr.	7	0
Kendra Horn for Congress	7	0
Kara Rochelle for State Representative	7	0
Julie Morrison for State Senate	7	0
Joseph Howe for Iowa House District 36	7	0
Jordan Brandman for Anaheim	7	0
John Idleburg for Lake County Sheriff	7	0
Domestic Steel	7	0
David Yungmann For County Council	7	0
Alpha News	7	0
The Forum Page of Illinois	6	0
Robert Burns	6	0
Patricia Torres Ray for Congress	6	0
Northside Democracy for America	6	0
Justin Nelson	6	0
Joel Engardio	6	0
Elliott Adams - Kansas Candidate for US Senate 2020	6	0
Danielle Ford for CCSD School Board Trustee in District F	6	0
Dana Young	6	0
Craig Christenson for Alaska House District 13	6	0
Conservation Voters of South Carolina	6	0
Calen Studler for KY State Representative	6	0
Cahalan for Judge	6	0
350.org	6	0
The Coalition for a Better Illinois 6th	5	0
Representative Craig Hall - Utah House of Representatives - District 33	5	0
Nathan Fletcher for County Supervisor 2018	5	0
Marketing for Change	5	0
Mark Osmack	5	0
MapleTwig	5	0
KWTV - NEWS 9	5	0
Juana Dement	5	0
Elect Kirby Clements for Dekalb Superior Court	5	0
Danny Weigel	5	0
Casey Welch for Congress	5	0
Can't Trust Catalina	5	0
Bruce Skaug of Nampa City Council - seat 6	5	0
Winnie Brinks for State Senate	4	0
Varghese & Associates, P.C.	4	0
Tidelands Health	4	0
Steve Carra for County Commissioner	4	0
Scholten4Iowa	4	0
Rachel Blumenfeld for State Representative	4	0
Matt Rosendale	4	0
Denyc Boles for HD 19	4	0
Carol Fukunaga	4	0
Allwell Medicare	4	0
Acchildcarecrisis	4	0
AFSCME Council 28 WFSE	4	0
AARP Hawaii	4	0
[FB-Only] JWD Kitchen	3	0
Taylor Sappington for State Representative	3	0
Tara Prupis Democrat for Millburn Township Committee	3	0
Senator Robert Nichols	3	0
Rob O'Brian for MO State Senate	3	0
Oppose Kathy Kraninger	3	0
Omar Fateh for MN House 62A	3	0
Melvin Hasting	3	0
Mark Jennings WY State Representative House District 30	3	0
Justin Brown For Senate	3	0
Dominic Rapini	3	0
David Pechefsky	3	0
David Alvarez	3	0
Clean Energy Jobs Ohio	3	0
Children's Action Alliance	3	0
Charles Johnson	3	0
Ben Albritton	3	0
1976km	3	0
+972 Magazine	3	0
Tim Ramsey County Commissioner District 4	2	0
Sam Givhan for State Senate	2	0
Rafael Castellanos	2	0
Martin Harry	2	0
Joshua Svaty	2	0
Elisabeth Espinosa for Circuit Court Judge	2	0
Clean Energy Economy MN	2	0
Building Better Lives Together	1	0
Wisconsin Federation for Children	45454	0
Priorities USA Action	25054	0
Menomonee Falls Action Team	20979	0
MedicareSupplement.com	19980	0
Caleb Frostman for State Senate	11977	0
Politicallyincorrecthumor.com	8250	0
Job Creators Network	5994	0
Wool Dryer Balls from New Zealand	4995	1295
Oshkosh Examiner	4995	0
Newsweek	4568	0
Rebecca Clarke for Wisconsin Assembly 26	3996	0
Kelly Gallaher	3646	0
OMGFacts	3164	0
Baby Boomer Glam with Marlene-Younique Presenter	2997	297
Support The 2nd Amendment	2422	0
Mallory Hagan for Congress	2212	0
Business Forward	2022	0
Yogesh Chawla - Dane County Board District 6	1998	198
Word Porn	1998	0
Wisconsin Local News	1998	198
Wisconsin Democracy	1998	198
Whisper	1998	0
Urban Ecology Center	1998	198
Sofia Mendoza Mortgage Loan Officer in Wisconsin -1098708	1998	198
SALS Recovery	1998	198
Jeff Smith for State Senate	1998	198
Facets of Deception	1998	198
COUNTRY Financial	1998	0
Aeschbach Automotive LLC	1998	198
Marisabel Cabrera	1946	0
Wisconsin's Choice	1831	0
Intelligence is sexy	1701	0
Ali for Assembly	1548	0
LWV Upper Mississippi River Region Inter League Organization	1299	0
Wisconsin Red to Blue	1202	0
Aspire Fashion	1196	0
Huru International	1157	0
MagiQuiz	1052	0
Factinate	1042	0
Celebrity Voice Changer	1042	0
Framed Tweets	1036	0
Thomas Ryan	1011	0
Étude Middle School	999	99
Wisconsin Progressive Fishermen & Hunters	999	99
United Nations Association of Dane County	999	99
UWGB Pride Center	999	99
Truly Catholics	999	99
Troy Beck - Thrivent Financial	999	99
Tom Nelson	999	99
The Rights Party	999	0
The Epoch Times Los Angeles	999	0
The Commoner Call	999	99
The Black Sheep Pub and Grill	999	99
Teyana Taylor	999	0
Terp Family Insurance	999	99
Tabak Law, LLC	999	99
Strong Blue Wisconsin PAC	999	0
Steves auto sales	999	99
Sportsmans Hub	999	0
STATE the VOTE	999	0
Ryan J. Thorpe - Thrivent Financial	999	99
Rob Grover for 92nd Assembly	999	0
Republican Party of Kenosha County	999	0
Professional Dimensions	999	99
Pat Kreitlow's Politics Page	999	99
Ninjas for Health	999	99
New Leaf Foods	999	99
Mr Brews Taphouse - Plover	999	99
Milwaukee County Office of Emergency Management	999	99
Matt's DJ Service	999	99
METRO EYE	999	99
MARY KAY MKE	999	99
Lincoln Hills	999	99
Leonard Insurance	999	99
Legal Association for Women	999	99
Khary Penebaker	999	0
KCS U.S Cellular Spring Green	999	99
J² Catering	999	99
Julie Bulgrin - Gallagher Kies & Company of Keller Williams Realty	999	99
John Macco	999	99
Jeanan Yasiri Solutions, LLC	999	99
James Reeb Unitarian Universalist Congregation	999	99
Green Bay Sausage	999	99
Greater Wisconsin Committee	999	0
Grant County Republican Party	999	99
Glenn Grothman	999	99
Gingras, Cates & Wachs	999	99
Gary L Groelle for Rock County Sheriff	999	99
GE Volunteers Milwaukee	999	99
Focus on Energy	999	0
Fitzgerald & Bomier, LLC	999	99
Fabulous Farm Babe	999	99
Expanded Consciousness	999	0
Elect Linda Stankey for Wood County Coroner	999	99
Eat The Rich	999	99
Dosch for WI Assembly	999	99
Desert Veterans of Wisconsin, Fox Valley Chapter	999	99
Debra Pickett	999	99
Daily Quotes	999	0
DSA Madison Medicare for All	999	99
Curiosity	999	0
Conservative Revival Movement	999	99
Commuting with Julie	999	0
Budget PARTY Essentials, LLC	999	99
Branden Bodendorfer	999	99
Brad Boivin	999	99
Being Teen	999	0
America’s Dairyland	999	99
Allied Progress	999	0
Addicted to Sawdust LLC	999	0
Adoption Choice, Inc.	997	0
Bottlepops USA	992	0
ONeill Law Firm, LLC	963	0
Music for Resistance and Revolution	795	0
Megan Erwin for Pierce County Clerk of Court	688	0
Viral Fabulous	667	0
Instructor Grace	657	0
Scott Nelson for Dubuque County Attorney	647	0
BuzzyShare	643	0
Alex Social	566	0
Klean Kanteen	561	0
LoisOlson	500	0
Just Teen Things	500	0
Homemaking.com	500	0
Daily Vibes	500	0
CANVAS Unplugged	466	0
Save the Redwoods League	447	0
Stateline JJM	426	0
Standard News	392	0
Progress Michigan	381	0
iSideWith.com	372	0
The Giving Keys	333	0
SportsBreak	333	0
Save The Animals	333	0
Memes	333	0
Blue Future	333	0
WhyHunger	331	0
Zodiac Rules	281	0
KevinMD.com	268	0
RoRo SoBo - Blue	265	0
Female Thoughts	250	0
Douglas County Democrats	250	0
Awkward Quotes.	250	0
SpectrumofRockford Lgbt CounselingCenter	248	0
Benjamin Kaasa Law Office, P.L.L.C.	241	0
Burke-Paine Society	237	0
One Vote At A Time	233	0
Maple Heights African American Gazette	228	0
LifeFlip Media	222	0
Addicted to Golf	211	0
Rep. Lucille Roybal-Allard	200	0
Ray Gaesser	200	0
Lonny magazine	200	0
LaShawn Strachan for Hillsborough County Court Judge	200	0
The #News	196	0
WorldLifestyle	195	0
Torn Wires News	182	0
The New MAGA - Make America GOOD Again	180	0
Lupe Valdez	177	0
TheTalko	167	0
Ted Gatsas	167	0
Full Employment Now - Political Action Committee	167	0
FUN Texts.	167	0
American Chemistry	167	0
1Mission Nutrition	167	0
Little Dictator Game	159	0
LocalSaver	158	0
Fine Political Items	154	0
Scot John Tomaszewski for Congress	151	0
Ben Hanson for Fayette County Supervisor	143	0
Care Voters of Minnesota	141	0
The 1492 Patriots	129	0
Conservative Mama PhD	127	0
BruceJBerger	127	0
Barbara Lee	127	0
Prompt News	116	0
Rocks N Ropes	111	0
Giving Care	111	0
American 50	111	0
Renee Hoagenson for Congress	104	0
Everything Veterans Day	101	0
Nate for State	100	0
Higher Perspective	100	0
Dominican Day Parade NY	100	0
The University of Chicago	99	0
Union of Concerned Scientists	97	0
ThoughtFull	96	0
Legends of the NBA	95	0
Jarvis Project	95	0
Hanging With Trump	94	0
Sean Whalen	93	0
Tower Mn	92	0
IOOGO	91	0
BahaiTeachings.org	91	0
AFSCME Retirees	91	0
Molle & Alice	86	0
Ginger Garner for NC Senate	85	0
Ramsay Wealth Management	81	0
Personal Capital	81	0
Great Public Schools for US	81	0
Race, Racism and the Law	80	0
FTC PAC	80	0
Carrie Smith for State Representative Bangor District 127	80	0
Go Patriotic	77	0
Stuart Shapiro	71	0
Bruce Rauner	67	0
Hillcrest Card Company	65	0
Matt Longjohn	64	0
Poems Porn	62	0
Love Drinking Beer	62	0
Constative.com	62	0
Abadabadoo	62	0
US Committee on the Marine Transportation System	61	0
StarBox Shop	61	0
J.H. Carpenter Barnes	60	0
Therichardjames	59	0
Independent Liberty	59	0
Democratic Association of Secretaries of State	59	0
Conservatives Against Media Manipulation	59	0
Allgood for LCA	58	0
24/7 Wall St.	58	0
Scribol	57	0
IFC PAC	57	0
The Simple Life Store	56	0
Naturally Fit Inc	56	0
I love it when I wake up in the morning and Donald Trump is President.	56	0
Aspiration	56	0
Premiere Collectibles	54	0
Thatsstore	53	0
PLAN Action Fund	53	0
Mission + Strategy Consulting	53	0
Fair Anita	53	0
The Rutherford Institute	52	0
American Freedom	52	0
International Animal Rescue	50	0
JuiceSauce	49	0
Shippabo	48	0
Ro Khanna	47	0
Ocean And Co.	47	0
Jess Ekstrom	47	0
George Thomas Clark Page	46	0
BIgBridge	46	0
Social Math® Initiative	45	0
PASA Primates: Pan African Sanctuary Alliance	45	0
How to Help	45	0
The Levitical Society	43	0
Eddie Zipperer	43	0
CRTV	42	0
National Asset Security Community	41	0
Laura Sturgeon	41	0
Gary Siegwarth for IA Governor	41	0
AGCO	41	0
Notorious Rbg - Protect Women Power	39	0
SpeakEasy Political	38	0
Trends	37	0
Passit Shop	37	0
Give America Hope	37	0
Donald Trump For President 2020	37	0
USA Proud Tees	36	0
Land Conservation Assistance Network	36	0
Dugout	35	0
Connected Commerce Council	35	0
Welovetrump	34	0
Tom Malinowski for Congress	34	0
Tim Westley for U.S. Congress 2018	34	0
Jessica Catron	34	0
Idaho Conservation League	34	0
Friends of the Mississippi River	34	0
Representative Joey Hood	33	0
Dreamshop0007	33	0
Do You Know	33	0
Courage Campaign	33	0
TrustedBest	32	0
Sevigny for Congress	32	0
Joe Donnelly	32	0
We Love National Park	31	0
PCS Stamps & Coins	31	0
Forward Thinking Politics	31	0
Burma Task Force	31	0
The People's Trumpet	30	0
Mercy Home for Boys & Girls	30	0
Living the fullest life	30	0
Libertarian Coalition	30	0
Kibbe on Liberty	30	0
Elect Mark Mervich	30	0
Be Conscious. Be Kind.	30	0
America Eclipsed	30	0
Alderman George A. Cardenas	30	0
State Representative Luis Arroyo	29	0
Matt Swenson for District 57A - Minnesota House Of Representatives	29	0
What Has The Government Ever Done For Us?	28	0
The Tilted Glass	28	0
Refi Marketplace	28	0
Hello Resistance	28	0
Get Money Out - Maryland	28	0
Easy Living Club	28	0
Christine Hallquist	28	0
BrainFall.com	28	0
Andy Kim for Congress	28	0
National Geographic Society	27	0
MAGA WELDS	27	0
Build CT	27	0
Born Red	27	0
Aric Chen 曉天	27	0
Use Your Voice - Use Your Vote	26	0
Solid Blue Strategies	26	0
Protect Respect Animal Rights	26	0
Life Changing Videos	26	0
LemonyTree	26	0
Kristen Carlson for Congress	26	0
Curt Kiessling	26	0
Chris Pappas for Congress	26	0
Blue Wave Countdown	26	0
Zoë Bands	25	0
United States Holocaust Memorial Museum	25	0
Signs On The Cheap	25	0
Panda Superstore	25	0
NoarFactory	25	0
Minnie "Cotton" Diallo For Lathrop City Council	25	0
Cyndi Lauper	25	0
Calandra Revering for Ramsey County Judge	25	0
Uplifting Decals	24	0
Society To End the Entitlement Mentality - STEEM	24	0
OZY After Dark	24	0
Creative Action Network	24	0
We Will Ride	23	0
Snowflakes Make Blizzards	23	0
Really American	23	0
Protect Our National Parks	23	0
NJ Citizens for a Free State	23	0
Concerned Citizen	23	0
Comedy for a Cause: The 22 Tour to Stop Soldier Suicide	23	0
2018 Hot Deals	23	0
Unspeakable Crimes	22	0
Reason To Believe	22	0
Pro Life Man	22	0
Kiwi Report	22	0
E. O. Wilson Biodiversity Foundation	22	0
African Wildlife Foundation	22	0
Unique Pockets	21	0
The Future of The US Congress	21	0
Love & Family	21	0
Jack Burkman Radio	21	0
Gaumr	21	0
Connecticut Water Company	21	0
Tom Wolf	20	0
Thieves in the Temple	20	0
Raising California Together	20	0
Proud To Be A Republican	20	0
Pete Olson for Congress	20	0
LAYA Bikini	20	0
Chuck Jones	20	0
Airfarewatchdog	20	0
The World Is Crazy	19	0
Steve Sisolak	19	0
Smart Approaches to Marijuana	19	0
Rep One Tees	19	0
Mercy Corps	19	0
Kulkarni for Congress	19	0
Jasper County Democrats	19	0
Indica - news	19	0
Fatherly	19	0
Education Post	19	0
DuPage Libertarians	19	0
Dr Herbert Lee for 39th Congressional District	19	0
Blue Lives Matter	19	0
Anne Brown for Ypsi Mayor	19	0
Animal Equality	19	0
American Jewish Congress	19	0
The Donald Stuff	18	0
Senator Kelli Stargel	18	0
PeopleTV	18	0
Operation Save the Wild Horses	18	0
Newseum	18	0
Mitchell Blatt, Political Columnist	18	0
Kim Bost for NC House	18	0
J Street	18	0
Gay Couples Institute	18	0
Emerge America	18	0
Beaumont-Plumbers Local Union 68	18	0
Ryan Hampton	17	0
Relic Wood LLC	17	0
I'm so weird	17	0
Dope A Sunglasses	17	0
Disrupt Aging	17	0
American Clothing Co.	17	0
Allan Kittleman	17	0
2nd Amendment Rights	17	0
Weird Nature	16	0
The Stutman Switalski Group LLC	16	0
Senator Julie Morrison	16	0
Restore the Mississippi River Delta	16	0
OD Action	16	0
Lee B. Vining for SC House	16	0
LATOKEN	16	0
Glenn Beck	16	0
AFGE	16	0
The No Buy Zone, Effortless Power	15	0
Scott Trotter	15	0
Samar Habib	15	0
Rosalind Greene 2020 Democratic Presidential Candidate	15	0
Mica Wood Pence For Family Court Judge	15	0
Melanie Hill for State Board of Education	15	0
Kansans for a Better Future	15	0
Justin Santopietro	15	0
Committee to Elect Larry Piegza	15	0
Chezia Cager	15	0
Bob Casey	15	0
BlackInatiii.Co	15	0
Ann McDonough for Dubuque County Supervisor	15	0
World Relief	14	0
Women Rise	14	0
Steve Farley	14	0
PoliEqual	14	0
Patrick O'Connor	14	0
OhMD	14	0
OZY FEST	14	0
Jennifer Chapman for Yamhill County Circuit Court Judge	14	0
IM Freedom. Free Live Workshops	14	0
VICELAND	13	0
Time buuzz	13	0
The Republican Party of Nelson County (Kentucky)	13	0
Save The Youth	13	0
Reclaim The American Dream	13	0
Mi Familia Vota	13	0
Keep America Great, TRUMP 2020	13	0
Educate Our Kids, We Are Grinnell	13	0
Charlene Butts Ligon	13	0
BankTEL Systems	13	0
Arizonans for Effective Leadership	13	0
ADF International	13	0
Save Michigan Horse Racing	12	0
Lower My Bill	12	0
Greenlight the Gulch	12	0
Bloomberg Philanthropies	12	0
Anthony DiClementi	12	0
Andrew Wilkow	12	0
We Are ALPA	11	0
United Democratic Club	11	0
Top Conservative	11	0
South Florida Wildlands Association	11	0
Sea Vitality	11	0
Raymond Clements for Sheriff	11	0
Protect Our Winters	11	0
National LIFE Runners Team	11	0
Lizzie Pannill Fletcher for Congress	11	0
End the NRA	11	0
Designs For Victory	11	0
Andy Katz for Assembly	11	0
WomenStrong International	10	0
University Fox	10	0
Randy Price	10	0
Jill Norgaard for AZ House	10	0
Fipple	10	0
David Holden 2018	10	0
Darrell Hale for Collin County Commissioner Precinct 3	10	0
Beverly Powell	10	0
Women's March Chicago	9	0
The Muslims Are Coming	9	0
Nofuxaround Gang	9	0
Nero for DuPage County Board - District 2	9	0
Musth Apparel	9	0
Jeff Fine for Superior Court Clerk	9	0
Heartland Gazette	9	0
Cold Blood Gaming	9	0
Civics Nation	9	0
Black Central Station	9	0
Anthony Brindisi For Congress	9	0
American Upbeat	9	0
Alyse Galvin for Congress	9	0
VoteYes4Success	8	0
Public Safety for a Safer Santa Clara supporting John Hirokawa for Sheriff	8	0
Nano Vision	8	0
Mitene	8	0
Linda Jack	8	0
Kimberly Ellis	8	0
Julia Salazar for State Senate	8	0
Intelisys	8	0
Home Improvement Deals	8	0
Define American	8	0
West Virginia Strong	7	0
Vote Bronsten Kossow	7	0
Vision America	7	0
State Representative Shane Sandridge, House District 14	7	0
Sean Quinlan for State House	7	0
Roque  "Rocky"  De La Fuente	7	0
Mike Dunleavy for Governor	7	0
Mary Stewart for Iowa Senate	7	0
Julia Brownley for Congress	7	0
Iniosante	7	0
Hank Linderman	7	0
Eastern State Penitentiary	7	0
Campus Vote Project	7	0
Black Facts Online	7	0
Barbara Cady	7	0
The Claremont Independent	6	0
THE TRUMP NETWORK	6	0
Representative Dane Eagle	6	0
Phenomenal Woman Action Campaign	6	0
New Way California	6	0
Melanie Nutter - 陸美蓮 - for BART Board	6	0
Laurel for State Rep	6	0
LFP Partners	6	0
Kratom Trade Association	6	0
Jennifer Benson for NC House	6	0
Go Africa Harlem	6	0
Freedom Club	6	0
ElementShirts	6	0
Council for a Livable World	6	0
Who Stole the American Dream?	5	0
Vincent for Boston	5	0
The Runaway Experience	5	0
Supervisor Chuck Winn	5	0
Rhonda Cole Schandevel	5	0
Left Over Rights	5	0
Kelly Tebay for MSU Trustee	5	0
Jews against Israel	5	0
Donald Lee Sheppard	5	0
CLSA - California Life Sciences Association	5	0
Angry Buckeyes	5	0
Williams For OPPD	4	0
The Next Gen Network	4	0
The Animal Pack	4	0
Senator Marty Knollenberg	4	0
Repair Our Schools Now	4	0
Pocket Your Dollars	4	0
Maui Tomorrow	4	0
Lawyers of Distinction	4	0
Laci LeBlanc for Catawba County Commissioner	4	0
Julie Jordan for Georgia	4	0
John Carter	4	0
It Starts Today - Missouri	4	0
Gregg Lawrence - Williamson County Commission - District 4	4	0
Golden State Observer	4	0
Fryer for Arizona	4	0
Frank SCHMUCK for Arizona Senate	4	0
Energy Justice For All	4	0
Emily Gipe for Clinton County Treasurer	4	0
Dr. Katie McBrine for State Senate	4	0
Dave Ernst	4	0
ClubResist	4	0
Cindy Silva, Walnut Creek City Council	4	0
Bill McCamley for State Auditor	4	0
Arizona G&T Cooperatives	4	0
Andrew Heykoop for County Commissioner	4	0
Zero Waste Produce Bags	3	0
Zack Fields for State House	3	0
Tyler for City Council	3	0
Tubb Canyon Desert Conservancy	3	0
Steven Buccini for NC House	3	0
Stephanie Zucker	3	0
Save North Venice	3	0
Pro-Life Action League	3	0
Pit Bulls Love	3	0
Nick DiCeglie	3	0
Mike Hildenbrand - Pine Island City Council Member	3	0
Mark Nash	3	0
Kathy Lewis for Florida State Senate District 20	3	0
Kansas Democratic Party	3	0
John Wasik for Lake County Board - District 6	3	0
Jennifer Jermaine for AZ LD18 House	3	0
IAMTHEFWORD	3	0
Gail Young for North Carolina	3	0
Dominion Energy South	3	0
Claudia Tenney for Congress	3	0
Chris Suarez for Alexandria School Board District A	3	0
BioSpace	3	0
Arcadia Power	3	0
terrence harris	2	0
William Tanoos for Congress	2	0
Wealth Management of the Carolinas, Inc	2	0
Vish for City Council District 6	2	0
TN Governmental Prayer Alliance	2	0
Susan Sneed for TN House District 20	2	0
Steve Dakopolos for Missouri House District 124	2	0
Steve Allison for Texas House	2	0
State Representative Theresa Gavarone	2	0
Senator Joan Carter Conway	2	0
Sampson County Republican Party	2	0
Sam Jammal For Congress	2	0
SAVE	2	0
Ross Spano	2	0
Responsible Leadership New Mexico	2	0
Rep. Tom Reed	2	0
Neal Simon for U.S. Senate	2	0
Maryland House DEMs	2	0
Kellogg for NC House	2	0
Kathleen Peters	2	0
Katherine Cabaniss	2	0
Kate Brophy McGee - State Senate	2	0
Karen Mayne for Utah Senate 5	2	0
Jason Hunt	2	0
Hirsh Singh	2	0
Hillsdale College	2	0
Gina Ortiz Jones for a Better Texas	2	0
Gayle Kemp for State House	2	0
Evan Vincent for State Senate	2	0
Equality Texas	2	0
Edgardo Hernandez for State Representative, District 87	2	0
Dorothy For Congress	2	0
Diane Mitsch Bush for Colorado CD3	2	0
Dana Prieto for OK Senate District 36	2	0
Baker for Governor	2	0
Angie Crowder for Polk County School Board - District 1	2	0
Andy Manar	2	0
Al Muratsuchi for Assembly	2	0
p.s. alumni	1	0
The Republican Party of Riverside County-Official	1	0
Stephanie Murphy for Congress	1	0
Save Our Sea life	1	0
Salaam Hearts Of Palestine	1	0
Rick Lesser	1	0
Mike Soter for State Representative	1	0
Julie Willoughby for LD17	1	0
Julie Reiley for Board of Education	1	0
Jonathan Lewis for Congress 2018	1	0
Jason Haeseler For Florida House	1	0
Internet Forever	1	0
Hennepin County Library	1	0
Hanlon for Colorado	1	0
Frank LaRose	1	0
Don Huffines	1	0
Xcel Energy Minnesota	0	0
The Y	0	0
The Home Depot	0	0
Tableau Magazine	0	0
State Representative Manny Diaz Jr	0	0
Shawnee YES	0	0
Sara Spencer-Noggle for Isabella County Probate Judge	0	0
ProgressVA	0	0
Marsy's Law for Florida	0	0
Louisiana Federation for Children	0	0
Kimberlin Brown	0	0
Kathy Hochul	0	0
Jesse Gabriel for Assembly	0	0
Jarrin Jackson for US Congress	0	0
Hidden Tips	0	0
Energy Bill Cruncher	0	0
Dr. Saif Rehman for Board of Education	0	0
Dr. Brent Moody for State Representative	0	0
Congressman Peter King	0	0
Brianna Lennon for Boone County Clerk	0	0
BRITE CA	0	0
Angela D. Alsobrooks	0	0
